user_id,item_id,rating,timestamp
1001,678,5,874965758
1001,235,5,874965758
1001,210,5,874965758
1001,168,4,874965758
1001,566,4,874965758
1001,769,2,874965758
1001,7,4,874965758
1001,665,3,874965758
1001,282,4,874965758
1001,168,4,874965758
1001,318,4,874965758
1001,133,4,874965758
1001,466,3,874965758
1001,23,4,874965758
1001,527,4,874965758
1001,326,3,874965758
1001,97,4,874965758
1001,931,2,874965758
1001,302,4,874965758
1001,82,4,874965758
1001,274,4,874965758
1001,628,4,874965758
1001,562,3,874965758
1001,11,4,874965758
1001,679,3,874965758
1001,553,3,874965758
1001,709,4,874965758
1001,678,3,874965758
1001,137,4,874965758
1001,270,4,874965758
1001,498,4,874965758
1001,734,2,874965758
1002,678,5,874965758
1002,235,5,874965758
1002,210,5,874965758
1002,191,4,874965758
1002,180,4,874965758
1002,65,4,874965758
1002,1142,4,874965758
1002,283,4,874965758
1002,408,5,874965758
1002,94,3,874965758
1002,654,4,874965758
1002,21,3,874965758
1002,170,4,874965758
1002,597,3,874965758
1002,1057,2,874965758
1002,331,4,874965758
1002,945,4,874965758
1002,527,4,874965758
1002,429,4,874965758
1002,302,4,874965758
1002,515,4,874965758
1002,603,4,874965758
1002,521,4,874965758
1003,678,5,874965758
1003,235,5,874965758
1003,210,5,874965758
1003,627,3,874965758
1003,1267,3,874965758
1003,462,4,874965758
1003,750,4,874965758
1003,248,4,874965758
1003,212,4,874965758
1003,100,4,874965758
1003,355,3,874965758
1003,846,3,874965758
1003,182,4,874965758
1003,127,4,874965758
1003,25,3,874965758
1003,515,4,874965758
1003,67,3,874965758
1003,22,4,874965758
1003,286,4,874965758
1003,1321,2,874965758
1003,619,3,874965758
1003,242,4,874965758
1003,741,3,874965758
1003,773,3,874965758
1003,154,4,874965758
1003,906,3,874965758
1003,324,3,874965758
1003,233,3,874965758
1003,43,3,874965758
1003,135,4,874965758
1003,134,4,874965758
1004,678,5,874965758
1004,235,5,874965758
1004,210,5,874965758
1004,170,4,874965758
1004,89,4,874965758
1004,258,4,874965758
1004,237,4,874965758
1004,291,3,874965758
1004,322,3,874965758
1004,280,3,874965758
1004,273,4,874965758
1004,144,4,874965758
1004,408,5,874965758
1004,282,4,874965758
1004,163,4,874965758
1004,170,4,874965758
1004,708,3,874965758
1004,83,4,874965758
1004,157,4,874965758
1004,117,4,874965758
1004,683,2,874965758
1004,280,3,874965758
1004,234,4,874965758
1004,1074,3,874965758
1004,50,4,874965758
1004,383,2,874965758
1004,1454,3,874965758
1004,451,3,874965758
1004,734,2,874965758
1004,506,4,874965758
1004,633,4,874965758
1004,180,4,874965758
1004,487,4,874965758
1004,423,4,874965758
1004,300,4,874965758
1004,892,3,874965758
1004,1053,3,874965758
1004,619,3,874965758
1004,197,4,874965758
1004,762,4,874965758
1004,1170,3,874965758
1004,83,4,874965758
1004,77,3,874965758
1004,770,3,874965758
1004,268,4,874965758
1004,845,3,874965758
1004,208,4,874965758
1004,543,4,874965758
1004,265,4,874965758
1004,129,4,874965758
1004,1047,3,874965758
1004,771,3,874965758
1004,71,4,874965758
1004,215,4,874965758
1004,80,3,874965758
1004,328,3,874965758
1004,503,4,874965758
1004,715,3,874965758
1004,48,4,874965758
1004,283,4,874965758
1004,118,3,874965758
1004,1428,4,874965758
1004,1047,3,874965758
1004,170,4,874965758
1004,743,2,874965758
1004,293,4,874965758
1004,182,4,874965758
1004,313,4,874965758
1004,125,4,874965758
1004,265,4,874965758
1004,678,3,874965758
1004,627,3,874965758
1004,199,4,874965758
1004,751,3,874965758
1004,1018,3,874965758
1004,1020,4,874965758
1004,181,4,874965758
1004,961,3,874965758
1004,707,4,874965758
1004,77,3,874965758
1004,198,4,874965758
1004,1597,3,874965758
1004,24,3,874965758
1004,1219,3,874965758
1004,194,4,874965758
1004,339,3,874965758
1004,939,4,874965758
1004,423,4,874965758
1004,294,3,874965758
1004,106,3,874965758
1004,742,4,874965758
1004,742,4,874965758
1004,161,3,874965758
1004,946,3,874965758
1004,175,4,874965758
1004,616,4,874965758
1004,331,4,874965758
1004,85,3,874965758
1004,125,4,874965758
1004,67,3,874965758
1004,648,4,874965758
1004,125,4,874965758
1004,373,3,874965758
1004,54,3,874965758
1004,751,3,874965758
1004,96,4,874965758
1004,222,4,874965758
1004,463,4,874965758
1004,1219,3,874965758
1004,50,4,874965758
1004,300,4,874965758
1004,739,3,874965758
1004,62,3,874965758
1004,260,3,874965758
1004,185,4,874965758
1004,202,4,874965758
1004,99,4,874965758
1004,826,3,874965758
1004,615,4,874965758
1004,49,3,874965758
1004,28,4,874965758
1004,290,3,874965758
1004,471,4,874965758
1004,578,3,874965758
1004,310,4,874965758
1004,705,4,874965758
1004,258,4,874965758
1004,458,3,874965758
1004,1119,4,874965758
1004,186,4,874965758
1004,187,4,874965758
1004,105,3,874965758
1004,117,4,874965758
1004,1655,2,874965758
1004,143,4,874965758
1004,240,3,874965758
1004,750,4,874965758
1004,428,4,874965758
1004,193,4,874965758
1004,614,4,874965758
1004,39,3,874965758
1004,172,4,874965758
1004,333,4,874965758
1004,603,4,874965758
1004,2,3,874965758
1004,182,4,874965758
1004,521,4,874965758
1004,304,4,874965758
1004,272,4,874965758
1004,1228,2,874965758
1004,73,3,874965758
1004,275,4,874965758
1004,16,3,874965758
1004,746,4,874965758
1004,250,3,874965758
1004,121,3,874965758
1004,559,3,874965758
1004,516,4,874965758
1004,939,4,874965758
1004,636,3,874965758
1004,170,4,874965758
1004,242,4,874965758
1004,51,3,874965758
1004,727,3,874965758
1004,305,4,874965758
1004,589,4,874965758
1004,452,3,874965758
1005,678,5,874965758
1005,235,5,874965758
1005,210,5,874965758
1005,255,3,874965758
1005,161,3,874965758
1005,285,4,874965758
1005,82,4,874965758
1005,480,4,874965758
1005,423,4,874965758
1005,371,3,874965758
1005,779,3,874965758
1005,100,4,874965758
1005,366,3,874965758
1005,510,4,874965758
1005,25,3,874965758
1005,96,4,874965758
1005,833,3,874965758
1005,269,4,874965758
1005,655,4,874965758
1005,311,4,874965758
1006,678,5,874965758
1006,235,5,874965758
1006,210,5,874965758
1006,134,4,874965758
1006,744,3,874965758
1006,132,4,874965758
1006,319,3,874965758
1006,1013,2,874965758
1006,780,3,874965758
1006,56,4,874965758
1006,588,4,874965758
1006,754,3,874965758
1006,878,3,874965758
1006,96,4,874965758
1006,510,4,874965758
1006,29,3,874965758
1006,1135,3,874965758
1006,407,2,874965758
1006,216,4,874965758
1006,991,2,874965758
1006,204,4,874965758
1006,507,4,874965758
1006,181,4,874965758
1006,117,4,874965758
1006,675,4,874965758
1006,226,3,874965758
1006,480,4,874965758
1006,328,3,874965758
1006,748,3,874965758
1006,209,4,874965758
1006,1,4,874965758
1006,478,4,874965758
1006,1051,3,874965758
1006,321,3,874965758
1006,176,4,874965758
1006,396,3,874965758
1006,118,3,874965758
1006,9,4,874965758
1006,295,3,874965758
1006,428,4,874965758
1006,919,4,874965758
1006,427,4,874965758
1006,709,4,874965758
1006,943,4,874965758
1006,478,4,874965758
1006,204,4,874965758
1006,9,4,874965758
1006,215,4,874965758
1006,70,4,874965758
1006,427,4,874965758
1006,1132,3,874965758
1006,187,4,874965758
1006,108,3,874965758
1006,742,4,874965758
1006,863,4,874965758
1006,648,4,874965758
1006,191,4,874965758
1006,93,4,874965758
1006,202,4,874965758
1006,695,3,874965758
1006,1170,3,874965758
1006,131,4,874965758
1006,100,4,874965758
1006,1682,3,874965758
1006,660,4,874965758
1006,236,4,874965758
1006,274,4,874965758
1006,271,3,874965758
1006,699,4,874965758
1006,134,4,874965758
1006,185,4,874965758
1006,510,4,874965758
1006,319,3,874965758
1006,404,4,874965758
1006,526,4,874965758
1006,100,4,874965758
1006,430,4,874965758
1006,524,4,874965758
1006,117,4,874965758
1006,237,4,874965758
1006,752,3,874965758
1006,25,3,874965758
1006,98,4,874965758
1006,112,2,874965758
1006,79,4,874965758
1006,347,4,874965758
1006,226,3,874965758
1006,257,4,874965758
1006,559,3,874965758
1006,14,4,874965758
1006,172,4,874965758
1006,214,3,874965758
1006,754,3,874965758
1006,571,3,874965758
1006,176,4,874965758
1006,175,4,874965758
1006,478,4,874965758
1006,972,3,874965758
1006,367,3,874965758
1006,716,3,874965758
1007,678,5,874965758
1007,235,5,874965758
1007,210,5,874965758
1007,271,3,874965758
1007,81,4,874965758
1007,101,3,874965758
1007,1006,3,874965758
1007,1113,3,874965758
1007,168,4,874965758
1007,134,4,874965758
1007,343,3,874965758
1007,410,3,874965758
1007,1042,3,874965758
1007,129,4,874965758
1007,924,3,874965758
1007,358,3,874965758
1007,925,3,874965758
1007,303,4,874965758
1007,1132,3,874965758
1007,919,4,874965758
1007,255,3,874965758
1007,333,4,874965758
1007,97,4,874965758
1007,21,3,874965758
1007,183,4,874965758
1007,405,3,874965758
1007,70,4,874965758
1008,678,5,874965758
1008,235,5,874965758
1008,210,5,874965758
1008,79,4,874965758
1008,727,3,874965758
1008,116,4,874965758
1008,963,4,874965758
1008,307,3,874965758
1008,300,4,874965758
1008,261,3,874965758
1008,744,3,874965758
1008,480,4,874965758
1008,751,3,874965758
1008,192,4,874965758
1008,245,3,874965758
1008,1220,3,874965758
1008,223,4,874965758
1008,655,4,874965758
1008,479,4,874965758
1008,988,2,874965758
1008,243,2,874965758
1008,162,3,874965758
1008,188,4,874965758
1008,756,3,874965758
1008,523,4,874965758
1008,568,4,874965758
1008,627,3,874965758
1008,191,4,874965758
1008,595,3,874965758
1008,153,4,874965758
1008,25,3,874965758
1008,288,3,874965758
1008,336,3,874965758
1008,523,4,874965758
1008,300,4,874965758
1008,709,4,874965758
1008,333,4,874965758
1008,514,4,874965758
1008,269,4,874965758
1008,1009,3,874965758
1008,386,3,874965758
1008,705,4,874965758
1008,121,3,874965758
1008,105,3,874965758
1008,133,4,874965758
1008,448,3,874965758
1008,643,2,874965758
1008,584,4,874965758
1008,447,3,874965758
1008,238,4,874965758
1008,176,4,874965758
1008,405,3,874965758
1008,118,3,874965758
1008,1605,3,874965758
1008,229,3,874965758
1008,52,4,874965758
1008,11,4,874965758
1008,156,4,874965758
1008,732,4,874965758
1008,955,3,874965758
1008,131,4,874965758
1008,402,3,874965758
1008,195,4,874965758
1008,232,3,874965758
1008,427,4,874965758
1008,825,3,874965758
1008,191,4,874965758
1008,132,4,874965758
1008,312,3,874965758
1008,88,3,874965758
1008,338,3,874965758
1008,127,4,874965758
1008,792,4,874965758
1008,168,4,874965758
1008,289,3,874965758
1008,328,3,874965758
1008,648,4,874965758
1008,959,4,874965758
1008,198,4,874965758
1008,1028,3,874965758
1008,176,4,874965758
1008,250,3,874965758
1008,684,4,874965758
1008,191,4,874965758
1009,678,5,874965758
1009,235,5,874965758
1009,210,5,874965758
1009,482,4,874965758
1009,77,3,874965758
1009,307,3,874965758
1009,967,3,874965758
1009,1152,3,874965758
1009,154,4,874965758
1009,300,4,874965758
1009,340,4,874965758
1009,423,4,874965758
1009,739,3,874965758
1009,174,4,874965758
1009,174,4,874965758
1009,274,4,874965758
1009,156,4,874965758
1009,1028,3,874965758
1009,496,4,874965758
1009,228,4,874965758
1009,504,4,874965758
1009,216,4,874965758
1009,1278,4,874965758
1009,56,4,874965758
1009,143,4,874965758
1009,269,4,874965758
1009,204,4,874965758
1009,258,4,874965758
1009,978,3,874965758
1010,678,5,874965758
1010,235,5,874965758
1010,210,5,874965758
1010,496,4,874965758
1010,180,4,874965758
1010,238,4,874965758
1010,1183,2,874965758
1010,975,3,874965758
1010,708,3,874965758
1010,591,4,874965758
1010,126,4,874965758
1010,150,4,874965758
1010,183,4,874965758
1010,182,4,874965758
1010,170,4,874965758
1010,1016,3,874965758
1010,344,4,874965758
1010,301,3,874965758
1010,582,4,874965758
1010,1041,3,874965758
1010,143,4,874965758
1010,154,4,874965758
1011,678,5,874965758
1011,235,5,874965758
1011,210,5,874965758
1011,20,3,874965758
1011,98,4,874965758
1011,1,4,874965758
1011,866,3,874965758
1011,203,4,874965758
1011,96,4,874965758
1012,678,5,874965758
1012,235,5,874965758
1012,210,5,874965758
1012,1478,3,874965758
1012,480,4,874965758
1012,246,4,874965758
1012,1218,3,874965758
1012,106,3,874965758
1012,163,4,874965758
1012,781,3,874965758
1012,131,4,874965758
1012,462,4,874965758
1012,381,3,874965758
1012,828,3,874965758
1012,95,4,874965758
1012,281,3,874965758
1012,824,3,874965758
1012,654,4,874965758
1012,418,4,874965758
1013,678,5,874965758
1013,235,5,874965758
1013,210,5,874965758
1013,472,3,874965758
1013,275,4,874965758
1013,218,3,874965758
1013,357,4,874965758
1013,257,4,874965758
1013,153,4,874965758
1013,384,3,874965758
1013,1041,3,874965758
1013,181,4,874965758
1013,673,3,874965758
1013,270,4,874965758
1013,410,3,874965758
1013,405,3,874965758
1013,423,4,874965758
1013,549,4,874965758
1013,300,4,874965758
1013,781,3,874965758
1013,323,3,874965758
1013,262,4,874965758
1013,423,4,874965758
1013,688,2,874965758
1013,276,4,874965758
1013,739,3,874965758
1013,183,4,874965758
1013,216,4,874965758
1013,819,3,874965758
1013,4,4,874965758
1013,25,3,874965758
1013,627,3,874965758
1013,213,4,874965758
1013,192,4,874965758
1013,26,3,874965758
1013,518,4,874965758
1013,475,4,874965758
1013,568,4,874965758
1013,795,2,874965758
1013,436,4,874965758
1013,255,3,874965758
1013,275,4,874965758
1013,1,4,874965758
1013,191,4,874965758
1013,111,3,874965758
1013,808,3,874965758
1013,428,4,874965758
1013,933,3,874965758
1013,276,4,874965758
1013,647,4,874965758
1013,199,4,874965758
1013,144,4,874965758
1013,102,3,874965758
1013,132,4,874965758
1013,1284,3,874965758
1014,678,5,874965758
1014,235,5,874965758
1014,210,5,874965758
1014,358,3,874965758
1014,294,3,874965758
1014,468,3,874965758
1014,68,3,874965758
1014,275,4,874965758
1014,176,4,874965758
1014,160,3,874965758
1014,141,4,874965758
1014,294,3,874965758
1014,732,4,874965758
1014,273,4,874965758
1014,258,4,874965758
1014,924,3,874965758
1014,154,4,874965758
1014,1231,2,874965758
1014,132,4,874965758
1014,283,4,874965758
1014,655,4,874965758
1014,405,3,874965758
1014,259,3,874965758
1014,242,4,874965758
1014,111,3,874965758
1014,153,4,874965758
1014,222,4,874965758
1014,473,3,874965758
1014,316,4,874965758
1014,815,3,874965758
1014,684,4,874965758
1015,678,5,874965758
1015,235,5,874965758
1015,210,5,874965758
1015,658,3,874965758
1015,989,3,874965758
1015,22,4,874965758
1015,1060,3,874965758
1015,571,3,874965758
1015,384,3,874965758
1015,166,4,874965758
1015,199,4,874965758
1015,147,3,874965758
1015,431,4,874965758
1015,1451,4,874965758
1015,59,4,874965758
1015,237,4,874965758
1015,73,3,874965758
1015,276,4,874965758
1015,183,4,874965758
1015,102,3,874965758
1015,748,3,874965758
1015,997,2,874965758
1015,736,4,874965758
1015,734,2,874965758
1016,678,5,874965758
1016,235,5,874965758
1016,210,5,874965758
1016,1337,2,874965758
1016,433,4,874965758
1016,124,4,874965758
1016,264,3,874965758
1016,895,3,874965758
1016,269,4,874965758
1016,1220,3,874965758
1017,678,5,874965758
1017,235,5,874965758
1017,210,5,874965758
1017,1170,3,874965758
1017,89,4,874965758
1017,182,4,874965758
1017,452,3,874965758
1017,748,3,874965758
1017,15,4,874965758
1017,137,4,874965758
1017,551,2,874965758
1017,286,4,874965758
1017,154,4,874965758
1017,402,3,874965758
1017,143,4,874965758
1017,302,4,874965758
1017,237,4,874965758
1017,334,3,874965758
1017,673,3,874965758
1017,238,4,874965758
1017,25,3,874965758
1017,597,3,874965758
1017,285,4,874965758
1017,554,3,874965758
1017,97,4,874965758
1017,239,4,874965758
1017,435,4,874965758
1017,83,4,874965758
1017,1065,3,874965758
1017,183,4,874965758
1017,93,4,874965758
1017,65,4,874965758
1017,944,3,874965758
1017,700,3,874965758
1017,240,3,874965758
1017,538,3,874965758
1017,735,4,874965758
1017,144,4,874965758
1017,729,3,874965758
1017,326,3,874965758
1017,529,4,874965758
1017,209,4,874965758
1017,796,3,874965758
1017,451,3,874965758
1017,9,4,874965758
1017,1517,3,874965758
1017,421,4,874965758
1017,389,3,874965758
1017,979,3,874965758
1017,98,4,874965758
1017,117,4,874965758
1017,470,4,874965758
1017,514,4,874965758
1017,111,3,874965758
1017,212,4,874965758
1017,1287,1,874965758
1017,286,4,874965758
1017,111,3,874965758
1017,228,4,874965758
1017,425,4,874965758
1017,470,4,874965758
1017,286,4,874965758
1017,122,2,874965758
1017,117,4,874965758
1017,956,4,874965758
1017,217,3,874965758
1017,1048,3,874965758
1017,174,4,874965758
1017,64,4,874965758
1017,28,4,874965758
1018,678,5,874965758
1018,235,5,874965758
1018,210,5,874965758
1018,956,4,874965758
1018,423,4,874965758
1018,15,4,874965758
1018,323,3,874965758
1018,238,4,874965758
1018,258,4,874965758
1018,315,4,874965758
1018,196,4,874965758
1018,484,4,874965758
1018,185,4,874965758
1018,1585,2,874965758
1018,55,4,874965758
1018,38,3,874965758
1018,641,4,874965758
1018,100,4,874965758
1018,118,3,874965758
1018,208,4,874965758
1018,216,4,874965758
1018,490,4,874965758
1018,465,4,874965758
1018,302,4,874965758
1018,207,4,874965758
1018,333,4,874965758
1018,1028,3,874965758
1018,21,3,874965758
1018,402,3,874965758
1018,922,4,874965758
1018,285,4,874965758
1018,357,4,874965758
1018,117,4,874965758
1018,98,4,874965758
1018,301,3,874965758
1018,288,3,874965758
1018,696,3,874965758
1018,327,3,874965758
1018,876,3,874965758
1018,197,4,874965758
1018,33,3,874965758
1018,283,4,874965758
1018,1152,3,874965758
1018,429,4,874965758
1018,22,4,874965758
1018,1015,3,874965758
1018,79,4,874965758
1018,87,4,874965758
1018,211,4,874965758
1018,603,4,874965758
1018,1068,3,874965758
1019,678,5,874965758
1019,235,5,874965758
1019,210,5,874965758
1019,869,3,874965758
1019,875,3,874965758
1019,1411,2,874965758
1019,468,3,874965758
1019,9,4,874965758
1019,925,3,874965758
1019,779,3,874965758
1019,431,4,874965758
1019,323,3,874965758
1019,412,2,874965758
1019,300,4,874965758
1019,286,4,874965758
1019,226,3,874965758
1019,83,4,874965758
1019,201,4,874965758
1019,87,4,874965758
1019,709,4,874965758
1019,265,4,874965758
1019,652,4,874965758
1019,473,3,874965758
1019,871,2,874965758
1019,471,4,874965758
1019,770,3,874965758
1019,1011,3,874965758
1019,662,3,874965758
1020,678,5,874965758
1020,235,5,874965758
1020,210,5,874965758
1020,44,3,874965758
1020,988,2,874965758
1020,492,4,874965758
1020,176,4,874965758
1020,941,3,874965758
1020,176,4,874965758
1020,499,4,874965758
1020,774,3,874965758
1020,673,3,874965758
1020,1396,4,874965758
1020,174,4,874965758
1020,111,3,874965758
1020,111,3,874965758
1020,21,3,874965758
1020,405,3,874965758
1020,47,4,874965758
1020,230,3,874965758
1020,127,4,874965758
1020,809,3,874965758
1020,178,4,874965758
1020,242,4,874965758
1020,209,4,874965758
1020,597,3,874965758
1020,154,4,874965758
1020,245,3,874965758
1020,151,4,874965758
1020,705,4,874965758
1020,1375,4,874965758
1020,792,4,874965758
1020,1403,2,874965758
1020,511,4,874965758
1020,960,3,874965758
1020,58,4,874965758
1020,216,4,874965758
1021,678,5,874965758
1021,235,5,874965758
1021,210,5,874965758
1021,189,4,874965758
1021,1118,3,874965758
1021,1008,3,874965758
1021,88,3,874965758
1021,28,4,874965758
1021,412,2,874965758
1021,5,3,874965758
1021,1017,3,874965758
1021,434,4,874965758
1021,285,4,874965758
1021,318,4,874965758
1021,63,3,874965758
1021,690,3,874965758
1021,275,4,874965758
1021,123,3,874965758
1021,539,2,874965758
1021,183,4,874965758
1021,1167,4,874965758
1021,391,3,874965758
1021,249,3,874965758
1021,151,4,874965758
1021,224,4,874965758
1021,1168,3,874965758
1021,1229,2,874965758
1021,922,4,874965758
1021,1016,3,874965758
1021,770,3,874965758
1021,1465,2,874965758
1021,212,4,874965758
1021,1159,4,874965758
1021,153,4,874965758
1021,483,4,874965758
1021,187,4,874965758
1021,47,4,874965758
1021,96,4,874965758
1021,420,4,874965758
1021,143,4,874965758
1021,300,4,874965758
1021,33,3,874965758
1021,482,4,874965758
1021,306,4,874965758
1021,518,4,874965758
1021,938,3,874965758
1021,419,4,874965758
1021,1507,3,874965758
1021,343,3,874965758
1021,531,4,874965758
1021,286,4,874965758
1021,435,4,874965758
1021,100,4,874965758
1021,285,4,874965758
1021,654,4,874965758
1021,405,3,874965758
1021,627,3,874965758
1021,739,3,874965758
1021,1198,3,874965758
1021,402,3,874965758
1021,421,4,874965758
1021,798,2,874965758
1021,1322,2,874965758
1021,313,4,874965758
1021,567,3,874965758
1021,491,4,874965758
1021,568,4,874965758
1021,315,4,874965758
1021,693,4,874965758
1021,255,3,874965758
1021,826,3,874965758
1021,894,2,874965758
1021,301,3,874965758
1021,504,4,874965758
1021,268,4,874965758
1021,321,3,874965758
1021,286,4,874965758
1021,1267,3,874965758
1021,134,4,874965758
1021,934,3,874965758
1021,328,3,874965758
1021,205,4,874965758
1021,281,3,874965758
1021,742,4,874965758
1021,214,3,874965758
1021,1119,4,874965758
1021,553,3,874965758
1021,652,4,874965758
1021,286,4,874965758
1021,758,2,874965758
1021,591,4,874965758
1021,195,4,874965758
1021,619,3,874965758
1021,148,3,874965758
1021,32,4,874965758
1021,284,3,874965758
1021,316,4,874965758
1021,305,4,874965758
1021,647,4,874965758
1021,216,4,874965758
1021,282,4,874965758
1021,275,4,874965758
1021,233,3,874965758
1021,772,3,874965758
1021,1209,2,874965758
1021,710,4,874965758
1021,275,4,874965758
1021,630,3,874965758
1021,642,3,874965758
1021,854,3,874965758
1021,965,4,874965758
1021,646,4,874965758
1021,93,4,874965758
1021,196,4,874965758
1021,743,2,874965758
1021,569,3,874965758
1021,819,3,874965758
1021,749,3,874965758
1021,235,3,874965758
1021,173,4,874965758
1021,385,4,874965758
1021,770,3,874965758
1021,9,4,874965758
1021,392,4,874965758
1021,1255,2,874965758
1021,125,4,874965758
1021,650,4,874965758
1021,1016,3,874965758
1021,243,2,874965758
1021,433,4,874965758
1021,238,4,874965758
1021,338,3,874965758
1021,26,3,874965758
1021,53,3,874965758
1021,471,4,874965758
1021,209,4,874965758
1021,59,4,874965758
1021,379,3,874965758
1021,56,4,874965758
1021,771,3,874965758
1021,11,4,874965758
1021,546,3,874965758
1021,787,3,874965758
1021,597,3,874965758
1021,270,4,874965758
1021,925,3,874965758
1021,742,4,874965758
1021,408,5,874965758
1021,283,4,874965758
1021,550,3,874965758
1021,286,4,874965758
1021,39,3,874965758
1021,471,4,874965758
1021,235,3,874965758
1021,336,3,874965758
1021,154,4,874965758
1021,679,3,874965758
1021,193,4,874965758
1021,1028,3,874965758
1021,342,3,874965758
1021,56,4,874965758
1021,282,4,874965758
1021,121,3,874965758
1021,97,4,874965758
1021,475,4,874965758
1021,538,3,874965758
1021,1285,3,874965758
1021,178,4,874965758
1021,173,4,874965758
1021,250,3,874965758
1021,663,4,874965758
1021,210,4,874965758
1021,849,3,874965758
1021,1008,3,874965758
1021,99,4,874965758
1021,829,3,874965758
1021,1014,3,874965758
1021,820,3,874965758
1021,367,3,874965758
1021,863,4,874965758
1021,140,3,874965758
1021,258,4,874965758
1021,194,4,874965758
1021,507,4,874965758
1021,301,3,874965758
1021,87,4,874965758
1021,778,3,874965758
1021,240,3,874965758
1021,1163,3,874965758
1021,748,3,874965758
1021,118,3,874965758
1021,232,3,874965758
1021,986,3,874965758
1021,261,3,874965758
1021,1284,3,874965758
1021,367,3,874965758
1021,1140,2,874965758
1021,49,3,874965758
1021,290,3,874965758
1021,741,3,874965758
1021,1074,3,874965758
1021,873,3,874965758
1021,783,3,874965758
1021,91,4,874965758
1021,184,3,874965758
1021,687,2,874965758
1021,303,4,874965758
1021,455,3,874965758
1021,215,4,874965758
1021,211,4,874965758
1021,472,3,874965758
1021,100,4,874965758
1021,183,4,874965758
1021,214,3,874965758
1021,471,4,874965758
1021,541,3,874965758
1021,24,3,874965758
1021,106,3,874965758
1021,882,3,874965758
1021,183,4,874965758
1021,425,4,874965758
1021,531,4,874965758
1021,419,4,874965758
1021,678,3,874965758
1021,327,3,874965758
1021,732,4,874965758
1021,989,3,874965758
1021,11,4,874965758
1021,541,3,874965758
1021,1009,3,874965758
1021,396,3,874965758
1021,684,4,874965758
1021,121,3,874965758
1021,531,4,874965758
1021,604,4,874965758
1021,867,4,874965758
1021,211,4,874965758
1021,739,3,874965758
1021,221,4,874965758
1021,511,4,874965758
1021,43,3,874965758
1021,275,4,874965758
1021,342,3,874965758
1021,286,4,874965758
1021,380,3,874965758
1021,642,3,874965758
1021,293,4,874965758
1021,475,4,874965758
1021,299,3,874965758
1021,678,3,874965758
1021,879,3,874965758
1021,154,4,874965758
1021,1090,3,874965758
1021,175,4,874965758
1021,2,3,874965758
1021,488,4,874965758
1021,273,4,874965758
1021,147,3,874965758
1021,49,3,874965758
1021,195,4,874965758
1021,188,4,874965758
1021,924,3,874965758
1021,237,4,874965758
1021,931,2,874965758
1021,429,4,874965758
1021,50,4,874965758
1021,160,3,874965758
1021,784,1,874965758
1021,627,3,874965758
1021,198,4,874965758
1021,805,4,874965758
1021,566,4,874965758
1021,739,3,874965758
1021,133,4,874965758
1021,197,4,874965758
1021,313,4,874965758
1021,225,3,874965758
1021,408,5,874965758
1021,591,4,874965758
1021,514,4,874965758
1021,1076,2,874965758
1021,227,3,874965758
1021,435,4,874965758
1021,257,4,874965758
1021,559,3,874965758
1021,616,4,874965758
1021,348,3,874965758
1021,590,2,874965758
1021,284,3,874965758
1021,402,3,874965758
1021,93,4,874965758
1021,554,3,874965758
1021,468,3,874965758
1021,762,4,874965758
1021,1074,3,874965758
1021,283,4,874965758
1021,946,3,874965758
1021,424,1,874965758
1021,322,3,874965758
1021,98,4,874965758
1021,515,4,874965758
1021,318,4,874965758
1021,371,3,874965758
1021,855,4,874965758
1021,333,4,874965758
1021,252,3,874965758
1021,482,4,874965758
1021,181,4,874965758
1021,328,3,874965758
1021,518,4,874965758
1021,334,3,874965758
1021,174,4,874965758
1021,218,3,874965758
1021,515,4,874965758
1021,529,4,874965758
1021,905,3,874965758
1021,833,3,874965758
1021,739,3,874965758
1021,15,4,874965758
1021,259,3,874965758
1021,358,3,874965758
1021,261,3,874965758
1021,53,3,874965758
1021,936,4,874965758
1021,221,4,874965758
1021,433,4,874965758
1021,218,3,874965758
1021,597,3,874965758
1021,246,4,874965758
1021,288,3,874965758
1021,514,4,874965758
1021,270,4,874965758
1021,540,3,874965758
1021,258,4,874965758
1021,393,3,874965758
1021,359,4,874965758
1021,580,4,874965758
1021,381,3,874965758
1021,137,4,874965758
1021,200,4,874965758
1021,466,3,874965758
1021,187,4,874965758
1021,140,3,874965758
1021,715,3,874965758
1021,403,3,874965758
1021,124,4,874965758
1021,125,4,874965758
1021,386,3,874965758
1021,919,4,874965758
1021,300,4,874965758
1021,591,4,874965758
1021,494,4,874965758
1021,318,4,874965758
1021,39,3,874965758
1021,781,3,874965758
1021,111,3,874965758
1021,294,3,874965758
1021,14,4,874965758
1021,971,4,874965758
1021,527,4,874965758
1022,678,5,874965758
1022,235,5,874965758
1022,210,5,874965758
1022,750,4,874965758
1022,99,4,874965758
1022,22,4,874965758
1022,289,3,874965758
1022,222,4,874965758
1022,944,3,874965758
1022,430,4,874965758
1022,1000,3,874965758
1022,699,4,874965758
1022,569,3,874965758
1022,16,3,874965758
1022,9,4,874965758
1022,310,4,874965758
1022,354,4,874965758
1022,101,3,874965758
1022,228,4,874965758
1022,216,4,874965758
1022,708,3,874965758
1022,477,3,874965758
1022,54,3,874965758
1022,67,3,874965758
1022,169,5,874965758
1022,25,3,874965758
1022,559,3,874965758
1022,134,4,874965758
1022,395,3,874965758
1022,794,4,874965758
1022,1039,4,874965758
1022,569,3,874965758
1022,381,3,874965758
1022,996,2,874965758
1022,692,4,874965758
1022,211,4,874965758
1022,323,3,874965758
1022,257,4,874965758
1022,1044,3,874965758
1022,301,3,874965758
1022,88,3,874965758
1022,241,4,874965758
1022,136,4,874965758
1022,748,3,874965758
1022,288,3,874965758
1022,218,3,874965758
1022,186,4,874965758
1022,118,3,874965758
1022,763,3,874965758
1022,172,4,874965758
1022,1160,4,874965758
1022,1203,4,874965758
1022,170,4,874965758
1022,153,4,874965758
1022,14,4,874965758
1022,127,4,874965758
1022,823,3,874965758
1022,307,3,874965758
1022,827,3,874965758
1022,808,3,874965758
1022,98,4,874965758
1022,427,4,874965758
1022,331,4,874965758
1022,172,4,874965758
1022,781,3,874965758
1022,797,3,874965758
1022,603,4,874965758
1022,307,3,874965758
1022,232,3,874965758
1022,665,3,874965758
1022,8,4,874965758
1022,273,4,874965758
1022,294,3,874965758
1022,73,3,874965758
1022,1147,3,874965758
1022,108,3,874965758
1022,313,4,874965758
1022,164,4,874965758
1022,680,2,874965758
1022,431,4,874965758
1022,133,4,874965758
1022,116,4,874965758
1022,866,3,874965758
1022,245,3,874965758
1022,1139,3,874965758
1022,127,4,874965758
1022,194,4,874965758
1022,237,4,874965758
1022,617,4,874965758
1022,364,3,874965758
1022,245,3,874965758
1022,305,4,874965758
1022,794,4,874965758
1022,83,4,874965758
1022,408,5,874965758
1022,60,4,874965758
1022,1597,3,874965758
1022,566,4,874965758
1022,189,4,874965758
1022,212,4,874965758
1022,154,4,874965758
1022,125,4,874965758
1022,355,3,874965758
1022,975,3,874965758
1022,98,4,874965758
1022,484,4,874965758
1022,231,3,874965758
1022,7,4,874965758
1022,193,4,874965758
1022,25,3,874965758
1022,476,3,874965758
1022,1389,3,874965758
1022,1211,4,874965758
1022,1018,3,874965758
1022,252,3,874965758
1022,154,4,874965758
1022,1217,3,874965758
1023,678,5,874965758
1023,235,5,874965758
1023,210,5,874965758
1023,11,4,874965758
1023,675,4,874965758
1023,49,3,874965758
1023,739,3,874965758
1023,67,3,874965758
1023,157,4,874965758
1023,158,2,874965758
1023,7,4,874965758
1023,514,4,874965758
1023,222,4,874965758
1023,301,3,874965758
1023,679,3,874965758
1023,887,4,874965758
1023,134,4,874965758
1023,559,3,874965758
1023,198,4,874965758
1023,223,4,874965758
1023,514,4,874965758
1023,739,3,874965758
1023,300,4,874965758
1023,219,3,874965758
1023,677,3,874965758
1023,176,4,874965758
1023,68,3,874965758
1023,25,3,874965758
1023,224,4,874965758
1023,131,4,874965758
1023,504,4,874965758
1023,422,3,874965758
1023,217,3,874965758
1023,684,4,874965758
1023,423,4,874965758
1023,286,4,874965758
1023,337,3,874965758
1023,546,3,874965758
1023,275,4,874965758
1023,286,4,874965758
1023,100,4,874965758
1023,1278,4,874965758
1023,881,3,874965758
1023,222,4,874965758
1023,546,3,874965758
1023,539,2,874965758
1023,425,4,874965758
1023,471,4,874965758
1023,748,3,874965758
1023,731,3,874965758
1023,457,2,874965758
1023,174,4,874965758
1023,91,4,874965758
1023,581,3,874965758
1023,260,3,874965758
1023,240,3,874965758
1023,1300,3,874965758
1023,97,4,874965758
1023,633,4,874965758
1023,391,3,874965758
1023,94,3,874965758
1023,385,4,874965758
1023,431,4,874965758
1023,985,3,874965758
1023,84,3,874965758
1023,727,3,874965758
1023,178,4,874965758
1023,246,4,874965758
1023,283,4,874965758
1023,625,3,874965758
1023,222,4,874965758
1023,550,3,874965758
1023,270,4,874965758
1023,181,4,874965758
1023,323,3,874965758
1023,781,3,874965758
1023,233,3,874965758
1023,393,3,874965758
1023,515,4,874965758
1023,1408,1,874965758
1023,879,3,874965758
1023,382,4,874965758
1023,639,4,874965758
1023,9,4,874965758
1023,402,3,874965758
1023,435,4,874965758
1023,544,3,874965758
1023,893,2,874965758
1024,678,5,874965758
1024,235,5,874965758
1024,210,5,874965758
1024,12,4,874965758
1024,91,4,874965758
1024,258,4,874965758
1024,237,4,874965758
1024,129,4,874965758
1024,331,4,874965758
1024,284,3,874965758
1024,746,4,874965758
1024,402,3,874965758
1024,250,3,874965758
1024,974,3,874965758
1024,663,4,874965758
1024,133,4,874965758
1024,180,4,874965758
1024,636,3,874965758
1024,727,3,874965758
1024,265,4,874965758
1024,1090,3,874965758
1024,129,4,874965758
1024,308,3,874965758
1024,479,4,874965758
1024,499,4,874965758
1024,421,4,874965758
1024,840,3,874965758
1024,1385,3,874965758
1024,1221,3,874965758
1024,427,4,874965758
1024,603,4,874965758
1024,603,4,874965758
1024,301,3,874965758
1024,584,4,874965758
1024,174,4,874965758
1024,618,4,874965758
1024,141,4,874965758
1024,819,3,874965758
1024,1136,3,874965758
1024,302,4,874965758
1024,509,4,874965758
1024,151,4,874965758
1024,435,4,874965758
1025,678,5,874965758
1025,235,5,874965758
1025,210,5,874965758
1025,274,4,874965758
1025,297,4,874965758
1025,245,3,874965758
1025,471,4,874965758
1025,732,4,874965758
1025,92,4,874965758
1025,304,4,874965758
1025,79,4,874965758
1025,847,4,874965758
1025,931,2,874965758
1025,519,4,874965758
1025,49,3,874965758
1025,684,4,874965758
1025,70,4,874965758
1025,652,4,874965758
1025,687,2,874965758
1025,1194,4,874965758
1025,385,4,874965758
1025,385,4,874965758
1025,588,4,874965758
1025,679,3,874965758
1025,87,4,874965758
1025,748,3,874965758
1025,12,4,874965758
1025,251,4,874965758
1025,541,3,874965758
1025,69,4,874965758
1025,130,2,874965758
1025,82,4,874965758
1025,455,3,874965758
1025,186,4,874965758
1025,257,4,874965758
1025,323,3,874965758
1025,304,4,874965758
1025,1,4,874965758
1025,202,4,874965758
1025,272,4,874965758
1025,55,4,874965758
1025,208,4,874965758
1025,118,3,874965758
1025,696,3,874965758
1025,455,3,874965758
1025,323,3,874965758
1025,89,4,874965758
1025,289,3,874965758
1025,568,4,874965758
1025,41,3,874965758
1025,209,4,874965758
1025,975,3,874965758
1025,114,4,874965758
1025,612,4,874965758
1025,173,4,874965758
1025,126,4,874965758
1025,351,3,874965758
1025,496,4,874965758
1025,50,4,874965758
1025,403,3,874965758
1025,989,3,874965758
1025,14,4,874965758
1025,435,4,874965758
1025,154,4,874965758
1025,284,3,874965758
1025,668,2,874965758
1025,395,3,874965758
1025,213,4,874965758
1025,717,3,874965758
1025,712,3,874965758
1026,678,5,874965758
1026,235,5,874965758
1026,210,5,874965758
1026,595,3,874965758
1026,109,3,874965758
1026,1244,3,874965758
1026,288,3,874965758
1026,216,4,874965758
1026,1221,3,874965758
1026,288,3,874965758
1026,812,3,874965758
1026,1014,3,874965758
1026,127,4,874965758
1026,584,4,874965758
1026,514,4,874965758
1026,566,4,874965758
1026,293,4,874965758
1026,9,4,874965758
1026,4,4,874965758
1026,515,4,874965758
1026,164,4,874965758
1026,366,3,874965758
1026,191,4,874965758
1026,159,3,874965758
1026,966,4,874965758
1026,214,3,874965758
1026,575,2,874965758
1026,290,3,874965758
1026,238,4,874965758
1026,931,2,874965758
1026,559,3,874965758
1026,369,3,874965758
1026,167,3,874965758
1026,50,4,874965758
1026,155,3,874965758
1026,340,4,874965758
1027,678,5,874965758
1027,235,5,874965758
1027,210,5,874965758
1027,70,4,874965758
1027,709,4,874965758
1027,880,3,874965758
1027,272,4,874965758
1027,847,4,874965758
1027,260,3,874965758
1027,986,3,874965758
1027,358,3,874965758
1027,684,4,874965758
1027,761,3,874965758
1027,402,3,874965758
1027,258,4,874965758
1027,261,3,874965758
1027,197,4,874965758
1027,172,4,874965758
1027,24,3,874965758
1027,81,4,874965758
1027,717,3,874965758
1027,157,4,874965758
1027,313,4,874965758
1027,138,3,874965758
1027,14,4,874965758
1027,96,4,874965758
1027,678,3,874965758
1027,194,4,874965758
1027,451,3,874965758
1027,468,3,874965758
1027,95,4,874965758
1027,1611,3,874965758
1027,880,3,874965758
1027,879,3,874965758
1027,9,4,874965758
1027,1208,3,874965758
1027,134,4,874965758
1027,135,4,874965758
1027,28,4,874965758
1027,241,4,874965758
1027,209,4,874965758
1027,838,3,874965758
1027,122,2,874965758
1027,504,4,874965758
1027,321,3,874965758
1027,66,4,874965758
1027,90,3,874965758
1027,50,4,874965758
1027,79,4,874965758
1027,578,3,874965758
1027,28,4,874965758
1027,371,3,874965758
1027,277,3,874965758
1027,742,4,874965758
1027,274,4,874965758
1027,969,4,874965758
1027,62,3,874965758
1027,421,4,874965758
1027,443,4,874965758
1027,596,3,874965758
1027,185,4,874965758
1027,217,3,874965758
1027,28,4,874965758
1027,1288,3,874965758
1027,495,4,874965758
1027,380,3,874965758
1027,294,3,874965758
1027,295,3,874965758
1027,654,4,874965758
1027,411,3,874965758
1027,879,3,874965758
1027,64,4,874965758
1027,1091,3,874965758
1027,441,3,874965758
1027,89,4,874965758
1027,11,4,874965758
1027,601,4,874965758
1027,1466,4,874965758
1027,530,4,874965758
1027,710,4,874965758
1027,274,4,874965758
1027,1120,3,874965758
1027,387,3,874965758
1027,1245,3,874965758
1027,7,4,874965758
1027,122,2,874965758
1027,402,3,874965758
1027,436,4,874965758
1027,327,3,874965758
1027,511,4,874965758
1027,40,3,874965758
1027,577,2,874965758
1027,1176,3,874965758
1027,143,4,874965758
1027,137,4,874965758
1027,470,4,874965758
1027,148,3,874965758
1027,941,3,874965758
1027,1012,3,874965758
1027,72,3,874965758
1027,198,4,874965758
1027,794,4,874965758
1027,281,3,874965758
1027,64,4,874965758
1027,15,4,874965758
1027,137,4,874965758
1027,82,4,874965758
1027,420,4,874965758
1027,285,4,874965758
1027,268,4,874965758
1027,220,3,874965758
1027,1073,4,874965758
1027,92,4,874965758
1027,15,4,874965758
1027,346,4,874965758
1027,485,4,874965758
1027,979,3,874965758
1027,696,3,874965758
1027,76,3,874965758
1027,1076,2,874965758
1027,273,4,874965758
1027,845,3,874965758
1027,806,3,874965758
1027,1115,3,874965758
1027,318,4,874965758
1027,12,4,874965758
1027,380,3,874965758
1027,1008,3,874965758
1027,31,4,874965758
1027,79,4,874965758
1027,268,4,874965758
1027,660,4,874965758
1027,219,3,874965758
1027,346,4,874965758
1027,145,3,874965758
1027,490,4,874965758
1027,213,4,874965758
1027,423,4,874965758
1027,340,4,874965758
1027,161,3,874965758
1027,969,4,874965758
1027,606,4,874965758
1027,195,4,874965758
1027,1,4,874965758
1027,1400,3,874965758
1027,362,3,874965758
1027,321,3,874965758
1027,318,4,874965758
1027,154,4,874965758
1027,66,4,874965758
1027,1265,3,874965758
1027,675,4,874965758
1027,591,4,874965758
1027,739,3,874965758
1027,71,4,874965758
1027,48,4,874965758
1027,268,4,874965758
1027,728,3,874965758
1027,678,3,874965758
1027,293,4,874965758
1027,265,4,874965758
1027,527,4,874965758
1027,735,4,874965758
1027,53,3,874965758
1027,1210,2,874965758
1027,23,4,874965758
1027,290,3,874965758
1027,196,4,874965758
1027,25,3,874965758
1027,86,4,874965758
1027,298,4,874965758
1027,288,3,874965758
1027,46,4,874965758
1027,123,3,874965758
1027,436,4,874965758
1027,529,4,874965758
1027,386,3,874965758
1027,1126,3,874965758
1027,871,2,874965758
1027,433,4,874965758
1027,795,2,874965758
1027,258,4,874965758
1027,1037,2,874965758
1027,515,4,874965758
1027,257,4,874965758
1027,293,4,874965758
1027,323,3,874965758
1027,294,3,874965758
1027,284,3,874965758
1027,660,4,874965758
1027,127,4,874965758
1027,357,4,874965758
1027,399,3,874965758
1027,1016,3,874965758
1027,348,3,874965758
1027,5,3,874965758
1027,731,3,874965758
1027,869,3,874965758
1027,50,4,874965758
1027,763,3,874965758
1027,549,4,874965758
1027,118,3,874965758
1027,109,3,874965758
1027,347,4,874965758
1027,212,4,874965758
1027,144,4,874965758
1027,100,4,874965758
1027,233,3,874965758
1027,428,4,874965758
1027,123,3,874965758
1027,416,3,874965758
1027,27,3,874965758
1027,663,4,874965758
1027,65,4,874965758
1027,272,4,874965758
1027,73,3,874965758
1027,846,3,874965758
1028,678,5,874965758
1028,235,5,874965758
1028,210,5,874965758
1028,148,3,874965758
1028,956,4,874965758
1028,123,3,874965758
1028,141,4,874965758
1028,174,4,874965758
1028,531,4,874965758
1028,484,4,874965758
1028,2,3,874965758
1028,288,3,874965758
1028,97,4,874965758
1028,71,4,874965758
1028,192,4,874965758
1028,1047,3,874965758
1028,204,4,874965758
1028,1345,2,874965758
1028,121,3,874965758
1028,685,3,874965758
1028,742,4,874965758
1028,334,3,874965758
1028,50,4,874965758
1028,584,4,874965758
1028,357,4,874965758
1028,179,4,874965758
1028,686,4,874965758
1028,307,3,874965758
1028,188,4,874965758
1028,295,3,874965758
1028,187,4,874965758
1028,483,4,874965758
1028,1009,3,874965758
1028,194,4,874965758
1028,874,3,874965758
1028,483,4,874965758
1028,506,4,874965758
1028,1220,3,874965758
1028,470,4,874965758
1028,307,3,874965758
1028,205,4,874965758
1028,637,3,874965758
1028,1435,3,874965758
1028,227,3,874965758
1028,194,4,874965758
1028,345,3,874965758
1028,559,3,874965758
1028,606,4,874965758
1028,873,3,874965758
1028,206,3,874965758
1028,748,3,874965758
1028,721,3,874965758
1028,880,3,874965758
1028,810,3,874965758
1028,268,4,874965758
1028,261,3,874965758
1028,56,4,874965758
1028,235,3,874965758
1028,274,4,874965758
1028,1134,3,874965758
1028,50,4,874965758
1028,1046,3,874965758
1028,222,4,874965758
1028,67,3,874965758
1028,186,4,874965758
1028,480,4,874965758
1028,629,3,874965758
1028,69,4,874965758
1028,65,4,874965758
1028,4,4,874965758
1028,1240,4,874965758
1028,180,4,874965758
1028,939,4,874965758
1028,278,3,874965758
1028,134,4,874965758
1028,907,3,874965758
1028,549,4,874965758
1028,121,3,874965758
1028,187,4,874965758
1028,213,4,874965758
1028,676,3,874965758
1028,692,4,874965758
1028,546,3,874965758
1028,228,4,874965758
1028,340,4,874965758
1028,175,4,874965758
1028,286,4,874965758
1028,627,3,874965758
1028,445,4,874965758
1028,176,4,874965758
1028,14,4,874965758
1028,720,3,874965758
1028,175,4,874965758
1028,127,4,874965758
1028,496,4,874965758
1028,172,4,874965758
1028,23,4,874965758
1028,292,4,874965758
1028,926,3,874965758
1028,937,3,874965758
1028,702,3,874965758
1028,241,4,874965758
1028,475,4,874965758
1028,226,3,874965758
1028,92,4,874965758
1028,1,4,874965758
1028,162,3,874965758
1028,829,3,874965758
1028,257,4,874965758
1028,275,4,874965758
1028,64,4,874965758
1028,294,3,874965758
1028,174,4,874965758
1028,518,4,874965758
1028,498,4,874965758
1028,232,3,874965758
1028,317,4,874965758
1028,96,4,874965758
1028,639,4,874965758
1028,293,4,874965758
1028,210,4,874965758
1028,259,3,874965758
1028,255,3,874965758
1028,1331,3,874965758
1028,946,3,874965758
1028,50,4,874965758
1028,1169,4,874965758
1028,8,4,874965758
1028,208,4,874965758
1028,257,4,874965758
1028,268,4,874965758
1028,1136,3,874965758
1028,628,4,874965758
1028,681,2,874965758
1028,381,3,874965758
1028,54,3,874965758
1028,735,4,874965758
1028,69,4,874965758
1028,229,3,874965758
1028,1076,2,874965758
1028,423,4,874965758
1028,968,4,874965758
1028,331,4,874965758
1028,393,3,874965758
1028,649,3,874965758
1028,421,4,874965758
1028,471,4,874965758
1028,109,3,874965758
1028,183,4,874965758
1028,1046,3,874965758
1028,919,4,874965758
1028,651,4,874965758
1028,367,3,874965758
1028,985,3,874965758
1028,424,1,874965758
1028,360,3,874965758
1028,180,4,874965758
1028,176,4,874965758
1028,760,3,874965758
1028,153,4,874965758
1028,1396,4,874965758
1028,176,4,874965758
1028,1008,3,874965758
1028,56,4,874965758
1028,1069,3,874965758
1028,797,3,874965758
1028,565,3,874965758
1028,4,4,874965758
1028,380,3,874965758
1028,597,3,874965758
1028,1514,3,874965758
1028,257,4,874965758
1028,697,3,874965758
1028,239,4,874965758
1028,50,4,874965758
1028,187,4,874965758
1028,1598,2,874965758
1028,1074,3,874965758
1028,23,4,874965758
1028,273,4,874965758
1028,1060,3,874965758
1028,1134,3,874965758
1028,157,4,874965758
1028,712,3,874965758
1028,644,4,874965758
1028,96,4,874965758
1028,87,4,874965758
1028,517,4,874965758
1028,50,4,874965758
1028,650,4,874965758
1028,172,4,874965758
1028,523,4,874965758
1028,594,2,874965758
1028,3,3,874965758
1028,286,4,874965758
1028,496,4,874965758
1028,64,4,874965758
1028,53,3,874965758
1028,88,3,874965758
1028,562,3,874965758
1028,1315,3,874965758
1028,277,3,874965758
1028,164,4,874965758
1028,153,4,874965758
1028,705,4,874965758
1028,485,4,874965758
1028,376,3,874965758
1028,873,3,874965758
1028,238,4,874965758
1028,66,4,874965758
1028,825,3,874965758
1028,1011,3,874965758
1028,408,5,874965758
1028,741,3,874965758
1028,489,4,874965758
1028,641,4,874965758
1028,196,4,874965758
1028,73,3,874965758
1028,409,3,874965758
1028,127,4,874965758
1028,58,4,874965758
1028,993,4,874965758
1028,1018,3,874965758
1028,294,3,874965758
1028,732,4,874965758
1029,678,5,874965758
1029,235,5,874965758
1029,210,5,874965758
1029,1107,3,874965758
1029,168,4,874965758
1029,45,4,874965758
1029,9,4,874965758
1029,744,3,874965758
1029,536,3,874965758
1029,310,4,874965758
1029,484,4,874965758
1029,218,3,874965758
1029,305,4,874965758
1029,333,4,874965758
1029,429,4,874965758
1029,179,4,874965758
1029,224,4,874965758
1029,429,4,874965758
1029,405,3,874965758
1029,879,3,874965758
1029,1022,3,874965758
1029,79,4,874965758
1029,156,4,874965758
1029,953,3,874965758
1029,1295,3,874965758
1029,602,4,874965758
1029,209,4,874965758
1029,1044,3,874965758
1030,678,5,874965758
1030,235,5,874965758
1030,210,5,874965758
1030,178,4,874965758
1030,1126,3,874965758
1030,559,3,874965758
1030,476,3,874965758
1030,980,3,874965758
1030,549,4,874965758
1030,661,4,874965758
1030,458,3,874965758
1030,77,3,874965758
1030,144,4,874965758
1030,483,4,874965758
1030,357,4,874965758
1030,288,3,874965758
1030,150,4,874965758
1030,252,3,874965758
1030,489,4,874965758
1030,591,4,874965758
1030,118,3,874965758
1030,47,4,874965758
1030,264,3,874965758
1030,471,4,874965758
1030,1258,2,874965758
1030,333,4,874965758
1031,678,5,874965758
1031,235,5,874965758
1031,210,5,874965758
1031,736,4,874965758
1031,687,2,874965758
1031,147,3,874965758
1031,95,4,874965758
1031,209,4,874965758
1031,1064,4,874965758
1031,405,3,874965758
1031,720,3,874965758
1031,638,4,874965758
1031,184,3,874965758
1031,132,4,874965758
1031,543,4,874965758
1031,217,3,874965758
1031,1081,3,874965758
1031,864,3,874965758
1031,69,4,874965758
1031,303,4,874965758
1031,678,3,874965758
1031,313,4,874965758
1031,262,4,874965758
1031,240,3,874965758
1031,1086,3,874965758
1031,283,4,874965758
1031,176,4,874965758
1031,357,4,874965758
1031,117,4,874965758
1031,80,3,874965758
1031,159,3,874965758
1031,421,4,874965758
1031,286,4,874965758
1031,751,3,874965758
1031,603,4,874965758
1031,4,4,874965758
1031,1228,2,874965758
1031,203,4,874965758
1031,82,4,874965758
1031,201,4,874965758
1031,168,4,874965758
1031,89,4,874965758
1031,343,3,874965758
1031,372,3,874965758
1031,187,4,874965758
1031,325,3,874965758
1031,1240,4,874965758
1031,12,4,874965758
1031,461,4,874965758
1031,276,4,874965758
1031,151,4,874965758
1031,1231,2,874965758
1031,228,4,874965758
1031,69,4,874965758
1031,301,3,874965758
1031,1110,3,874965758
1031,324,3,874965758
1031,7,4,874965758
1031,385,4,874965758
1031,172,4,874965758
1031,312,3,874965758
1031,285,4,874965758
1031,654,4,874965758
1031,179,4,874965758
1031,71,4,874965758
1031,1047,3,874965758
1031,243,2,874965758
1031,150,4,874965758
1031,179,4,874965758
1031,99,4,874965758
1031,483,4,874965758
1031,179,4,874965758
1031,173,4,874965758
1031,162,3,874965758
1031,662,3,874965758
1031,654,4,874965758
1031,198,4,874965758
1031,306,4,874965758
1031,300,4,874965758
1031,121,3,874965758
1031,646,4,874965758
1031,358,3,874965758
1031,372,3,874965758
1031,1205,3,874965758
1031,151,4,874965758
1031,293,4,874965758
1031,298,4,874965758
1031,42,4,874965758
1031,275,4,874965758
1031,226,3,874965758
1031,294,3,874965758
1031,3,3,874965758
1031,313,4,874965758
1031,223,4,874965758
1031,751,3,874965758
1031,233,3,874965758
1031,306,4,874965758
1031,189,4,874965758
1031,1530,2,874965758
1031,294,3,874965758
1031,313,4,874965758
1031,581,3,874965758
1031,432,4,874965758
1031,174,4,874965758
1031,218,3,874965758
1031,346,4,874965758
1031,565,3,874965758
1031,628,4,874965758
1031,218,3,874965758
1031,258,4,874965758
1031,1134,3,874965758
1031,579,3,874965758
1031,15,4,874965758
1031,204,4,874965758
1031,682,3,874965758
1031,283,4,874965758
1031,1132,3,874965758
1031,302,4,874965758
1031,282,4,874965758
1031,478,4,874965758
1031,258,4,874965758
1031,939,4,874965758
1031,732,4,874965758
1031,544,3,874965758
1031,484,4,874965758
1031,495,4,874965758
1031,121,3,874965758
1031,217,3,874965758
1031,399,3,874965758
1031,220,3,874965758
1031,1046,3,874965758
1031,222,4,874965758
1031,508,4,874965758
1031,423,4,874965758
1031,742,4,874965758
1031,402,3,874965758
1031,1245,3,874965758
1031,402,3,874965758
1031,276,4,874965758
1031,255,3,874965758
1031,642,3,874965758
1031,64,4,874965758
1031,158,2,874965758
1031,97,4,874965758
1031,636,3,874965758
1031,139,3,874965758
1031,341,3,874965758
1031,300,4,874965758
1031,692,4,874965758
1031,273,4,874965758
1031,265,4,874965758
1031,50,4,874965758
1031,619,3,874965758
1031,855,4,874965758
1031,1439,3,874965758
1031,246,4,874965758
1031,294,3,874965758
1031,385,4,874965758
1031,73,3,874965758
1031,11,4,874965758
1031,529,4,874965758
1031,391,3,874965758
1031,474,4,874965758
1031,176,4,874965758
1031,294,3,874965758
1031,498,4,874965758
1031,827,3,874965758
1031,117,4,874965758
1031,559,3,874965758
1031,550,3,874965758
1031,198,4,874965758
1031,300,4,874965758
1031,423,4,874965758
1031,99,4,874965758
1031,931,2,874965758
1031,421,4,874965758
1031,527,4,874965758
1031,478,4,874965758
1031,1074,3,874965758
1031,271,3,874965758
1031,554,3,874965758
1031,443,4,874965758
1031,529,4,874965758
1031,820,3,874965758
1031,1185,2,874965758
1031,275,4,874965758
1031,596,3,874965758
1031,69,4,874965758
1031,10,4,874965758
1031,1423,2,874965758
1031,12,4,874965758
1031,778,3,874965758
1031,483,4,874965758
1031,282,4,874965758
1031,300,4,874965758
1031,19,4,874965758
1031,568,4,874965758
1031,892,3,874965758
1031,315,4,874965758
1031,304,4,874965758
1031,144,4,874965758
1031,423,4,874965758
1031,300,4,874965758
1031,904,3,874965758
1031,515,4,874965758
1031,222,4,874965758
1031,304,4,874965758
1031,118,3,874965758
1031,333,4,874965758
1031,1270,2,874965758
1031,328,3,874965758
1031,770,3,874965758
1031,650,4,874965758
1031,396,3,874965758
1031,154,4,874965758
1031,270,4,874965758
1031,739,3,874965758
1031,67,3,874965758
1031,132,4,874965758
1031,433,4,874965758
1031,330,3,874965758
1031,136,4,874965758
1031,1281,3,874965758
1031,763,3,874965758
1031,240,3,874965758
1031,286,4,874965758
1031,344,4,874965758
1031,410,3,874965758
1031,225,3,874965758
1031,392,4,874965758
1031,406,3,874965758
1031,185,4,874965758
1031,906,3,874965758
1031,984,3,874965758
1031,216,4,874965758
1031,485,4,874965758
1031,642,3,874965758
1031,140,3,874965758
1031,405,3,874965758
1031,241,4,874965758
1031,762,4,874965758
1031,96,4,874965758
1031,443,4,874965758
1031,485,4,874965758
1031,642,3,874965758
1031,248,4,874965758
1031,526,4,874965758
1031,456,2,874965758
1031,387,3,874965758
1031,524,4,874965758
1031,98,4,874965758
1031,181,4,874965758
1031,575,2,874965758
1031,9,4,874965758
1031,97,4,874965758
1031,127,4,874965758
1031,144,4,874965758
1031,195,4,874965758
1031,1327,3,874965758
1031,502,4,874965758
1031,434,4,874965758
1031,127,4,874965758
1031,222,4,874965758
1031,92,4,874965758
1031,168,4,874965758
1031,322,3,874965758
1031,648,4,874965758
1031,187,4,874965758
1031,318,4,874965758
1032,678,5,874965758
1032,235,5,874965758
1032,210,5,874965758
1032,416,3,874965758
1032,117,4,874965758
1032,304,4,874965758
1032,82,4,874965758
1032,9,4,874965758
1032,239,4,874965758
1032,95,4,874965758
1032,448,3,874965758
1032,71,4,874965758
1032,393,3,874965758
1032,487,4,874965758
1032,509,4,874965758
1032,1286,4,874965758
1032,137,4,874965758
1032,732,4,874965758
1032,732,4,874965758
1032,258,4,874965758
1032,1616,4,874965758
1032,358,3,874965758
1032,504,4,874965758
1032,1177,2,874965758
1033,678,5,874965758
1033,235,5,874965758
1033,210,5,874965758
1033,269,4,874965758
1033,69,4,874965758
1033,855,4,874965758
1033,187,4,874965758
1033,306,4,874965758
1033,693,4,874965758
1033,302,4,874965758
1033,601,4,874965758
1033,192,4,874965758
1033,709,4,874965758
1033,772,3,874965758
1033,1103,4,874965758
1033,286,4,874965758
1033,488,4,874965758
1033,69,4,874965758
1033,300,4,874965758
1033,100,4,874965758
1033,155,3,874965758
1033,174,4,874965758
1033,1010,3,874965758
1033,294,3,874965758
1033,283,4,874965758
1033,844,4,874965758
1033,736,4,874965758
1033,155,3,874965758
1033,873,3,874965758
1033,50,4,874965758
1033,204,4,874965758
1033,196,4,874965758
1033,24,3,874965758
1033,1188,3,874965758
1033,789,4,874965758
1033,425,4,874965758
1033,235,3,874965758
1033,211,4,874965758
1033,479,4,874965758
1033,632,4,874965758
1033,604,4,874965758
1033,423,4,874965758
1033,658,3,874965758
1033,38,3,874965758
1033,258,4,874965758
1033,423,4,874965758
1033,462,4,874965758
1033,269,4,874965758
1033,12,4,874965758
1033,250,3,874965758
1033,235,3,874965758
1033,543,4,874965758
1033,205,4,874965758
1033,322,3,874965758
1033,606,4,874965758
1033,50,4,874965758
1033,859,3,874965758
1033,874,3,874965758
1033,411,3,874965758
1033,926,3,874965758
1033,216,4,874965758
1033,601,4,874965758
1033,1047,3,874965758
1033,304,4,874965758
1033,471,4,874965758
1033,194,4,874965758
1033,449,3,874965758
1033,181,4,874965758
1033,131,4,874965758
1033,195,4,874965758
1033,1221,3,874965758
1033,1404,3,874965758
1033,322,3,874965758
1033,173,4,874965758
1033,1176,3,874965758
1033,381,3,874965758
1033,195,4,874965758
1033,210,4,874965758
1033,705,4,874965758
1033,273,4,874965758
1033,100,4,874965758
1034,678,5,874965758
1034,235,5,874965758
1034,210,5,874965758
1034,241,4,874965758
1034,210,4,874965758
1034,259,3,874965758
1034,405,3,874965758
1034,268,4,874965758
1034,997,2,874965758
1034,228,4,874965758
1034,248,4,874965758
1034,89,4,874965758
1034,590,2,874965758
1034,22,4,874965758
1034,199,4,874965758
1034,286,4,874965758
1034,313,4,874965758
1034,93,4,874965758
1034,102,3,874965758
1034,728,3,874965758
1034,233,3,874965758
1034,695,3,874965758
1034,748,3,874965758
1034,169,5,874965758
1034,231,3,874965758
1034,781,3,874965758
1034,513,4,874965758
1034,678,3,874965758
1034,88,3,874965758
1034,127,4,874965758
1034,568,4,874965758
1034,578,3,874965758
1034,628,4,874965758
1034,591,4,874965758
1034,11,4,874965758
1034,386,3,874965758
1034,207,4,874965758
1034,7,4,874965758
1034,370,3,874965758
1034,191,4,874965758
1034,50,4,874965758
1034,36,2,874965758
1035,678,5,874965758
1035,235,5,874965758
1035,210,5,874965758
1035,879,3,874965758
1035,676,3,874965758
1035,173,4,874965758
1035,754,3,874965758
1035,1135,3,874965758
1035,40,3,874965758
1035,1007,4,874965758
1035,89,4,874965758
1035,168,4,874965758
1035,313,4,874965758
1035,423,4,874965758
1035,686,4,874965758
1035,116,4,874965758
1035,408,5,874965758
1035,754,3,874965758
1035,64,4,874965758
1035,126,4,874965758
1035,434,4,874965758
1035,479,4,874965758
1035,530,4,874965758
1035,685,3,874965758
1036,678,5,874965758
1036,235,5,874965758
1036,210,5,874965758
1036,645,4,874965758
1036,302,4,874965758
1036,1021,4,874965758
1036,28,4,874965758
1036,321,3,874965758
1036,489,4,874965758
1036,750,4,874965758
1036,332,4,874965758
1036,172,4,874965758
1036,1,4,874965758
1036,68,3,874965758
1036,1273,3,874965758
1036,924,3,874965758
1036,344,4,874965758
1036,1078,3,874965758
1036,1416,2,874965758
1036,617,4,874965758
1036,673,3,874965758
1036,67,3,874965758
1036,699,4,874965758
1036,85,3,874965758
1036,96,4,874965758
1036,385,4,874965758
1036,780,3,874965758
1036,134,4,874965758
1036,15,4,874965758
1036,82,4,874965758
1036,179,4,874965758
1036,622,3,874965758
1036,56,4,874965758
1036,478,4,874965758
1036,26,3,874965758
1036,328,3,874965758
1036,1026,2,874965758
1036,871,2,874965758
1036,1454,3,874965758
1036,517,4,874965758
1036,476,3,874965758
1036,286,4,874965758
1036,684,4,874965758
1036,1074,3,874965758
1036,448,3,874965758
1036,845,3,874965758
1036,65,4,874965758
1036,431,4,874965758
1036,654,4,874965758
1036,363,3,874965758
1036,121,3,874965758
1036,597,3,874965758
1036,454,3,874965758
1036,237,4,874965758
1037,678,5,874965758
1037,235,5,874965758
1037,210,5,874965758
1037,178,4,874965758
1037,143,4,874965758
1037,504,4,874965758
1037,118,3,874965758
1037,620,3,874965758
1037,1029,2,874965758
1037,873,3,874965758
1037,273,4,874965758
1037,484,4,874965758
1037,156,4,874965758
1037,595,3,874965758
1038,678,5,874965758
1038,235,5,874965758
1038,210,5,874965758
1038,297,4,874965758
1038,215,4,874965758
1038,391,3,874965758
1038,862,2,874965758
1038,237,4,874965758
1038,100,4,874965758
1038,538,3,874965758
1038,33,3,874965758
1038,135,4,874965758
1038,69,4,874965758
1038,747,3,874965758
1038,31,4,874965758
1038,721,3,874965758
1038,191,4,874965758
1038,31,4,874965758
1038,470,4,874965758
1038,173,4,874965758
1038,495,4,874965758
1038,603,4,874965758
1038,627,3,874965758
1038,1,4,874965758
1038,449,3,874965758
1038,1412,2,874965758
1038,298,4,874965758
1038,449,3,874965758
1038,629,3,874965758
1038,241,4,874965758
1038,56,4,874965758
1038,620,3,874965758
1038,1084,4,874965758
1038,56,4,874965758
1038,56,4,874965758
1038,184,3,874965758
1038,567,3,874965758
1038,1136,3,874965758
1038,474,4,874965758
1038,588,4,874965758
1038,276,4,874965758
1038,588,4,874965758
1038,132,4,874965758
1038,455,3,874965758
1038,246,4,874965758
1038,887,4,874965758
1038,977,3,874965758
1038,412,2,874965758
1038,90,3,874965758
1038,144,4,874965758
1038,34,3,874965758
1038,220,3,874965758
1038,230,3,874965758
1038,273,4,874965758
1038,197,4,874965758
1038,275,4,874965758
1038,198,4,874965758
1038,647,4,874965758
1038,289,3,874965758
1038,1278,4,874965758
1038,418,4,874965758
1038,743,2,874965758
1038,209,4,874965758
1038,302,4,874965758
1038,979,3,874965758
1038,340,4,874965758
1038,514,4,874965758
1038,134,4,874965758
1038,474,4,874965758
1038,204,4,874965758
1038,4,4,874965758
1038,689,3,874965758
1038,937,3,874965758
1038,100,4,874965758
1038,1612,4,874965758
1038,735,4,874965758
1038,156,4,874965758
1038,187,4,874965758
1038,1036,3,874965758
1038,988,2,874965758
1038,66,4,874965758
1038,1111,3,874965758
1038,747,3,874965758
1038,732,4,874965758
1038,89,4,874965758
1038,13,3,874965758
1038,31,4,874965758
1038,313,4,874965758
1038,1108,2,874965758
1038,432,4,874965758
1038,1466,4,874965758
1038,700,3,874965758
1038,66,4,874965758
1038,50,4,874965758
1038,93,4,874965758
1038,763,3,874965758
1038,1207,2,874965758
1038,396,3,874965758
1038,949,3,874965758
1038,222,4,874965758
1038,714,3,874965758
1038,218,3,874965758
1038,886,3,874965758
1038,237,4,874965758
1038,500,4,874965758
1038,200,4,874965758
1038,135,4,874965758
1038,405,3,874965758
1038,665,3,874965758
1038,1,4,874965758
1038,342,3,874965758
1038,269,4,874965758
1038,433,4,874965758
1038,934,3,874965758
1038,955,3,874965758
1038,762,4,874965758
1038,723,3,874965758
1038,929,3,874965758
1038,204,4,874965758
1038,740,4,874965758
1038,236,4,874965758
1038,951,3,874965758
1038,458,3,874965758
1038,508,4,874965758
1038,45,4,874965758
1038,366,3,874965758
1038,4,4,874965758
1038,705,4,874965758
1038,181,4,874965758
1038,174,4,874965758
1038,210,4,874965758
1038,222,4,874965758
1038,286,4,874965758
1038,271,3,874965758
1038,97,4,874965758
1038,750,4,874965758
1038,332,4,874965758
1038,606,4,874965758
1038,259,3,874965758
1038,1210,2,874965758
1038,97,4,874965758
1038,514,4,874965758
1038,315,4,874965758
1038,69,4,874965758
1038,697,3,874965758
1038,237,4,874965758
1038,306,4,874965758
1038,1047,3,874965758
1038,1097,3,874965758
1038,9,4,874965758
1038,427,4,874965758
1038,100,4,874965758
1038,944,3,874965758
1038,50,4,874965758
1038,1028,3,874965758
1038,6,3,874965758
1038,1203,4,874965758
1038,154,4,874965758
1038,1053,3,874965758
1038,29,3,874965758
1038,959,4,874965758
1038,288,3,874965758
1038,50,4,874965758
1038,604,4,874965758
1038,1291,2,874965758
1038,50,4,874965758
1038,182,4,874965758
1038,333,4,874965758
1038,684,4,874965758
1038,732,4,874965758
1038,99,4,874965758
1038,472,3,874965758
1038,316,4,874965758
1038,254,3,874965758
1038,298,4,874965758
1038,79,4,874965758
1038,50,4,874965758
1038,180,4,874965758
1038,187,4,874965758
1038,382,4,874965758
1038,5,3,874965758
1038,151,4,874965758
1038,252,3,874965758
1038,382,4,874965758
1038,76,3,874965758
1038,225,3,874965758
1038,37,2,874965758
1038,155,3,874965758
1038,1014,3,874965758
1038,584,4,874965758
1038,128,4,874965758
1038,117,4,874965758
1038,431,4,874965758
1038,174,4,874965758
1038,184,3,874965758
1038,227,3,874965758
1038,591,4,874965758
1038,629,3,874965758
1038,934,3,874965758
1038,657,4,874965758
1038,1,4,874965758
1038,274,4,874965758
1038,932,3,874965758
1038,218,3,874965758
1038,410,3,874965758
1038,286,4,874965758
1038,187,4,874965758
1038,258,4,874965758
1038,501,3,874965758
1038,24,3,874965758
1038,227,3,874965758
1038,120,2,874965758
1038,467,4,874965758
1038,463,4,874965758
1038,199,4,874965758
1038,900,4,874965758
1038,4,4,874965758
1039,678,5,874965758
1039,235,5,874965758
1039,210,5,874965758
1039,111,3,874965758
1039,690,3,874965758
1039,109,3,874965758
1039,613,4,874965758
1039,211,4,874965758
1039,71,4,874965758
1039,513,4,874965758
1039,136,4,874965758
1039,1140,2,874965758
1039,261,3,874965758
1039,727,3,874965758
1039,181,4,874965758
1039,1119,4,874965758
1039,790,3,874965758
1039,97,4,874965758
1039,597,3,874965758
1039,86,4,874965758
1039,735,4,874965758
1039,172,4,874965758
1039,245,3,874965758
1039,133,4,874965758
1039,245,3,874965758
1039,417,3,874965758
1039,25,3,874965758
1039,959,4,874965758
1039,82,4,874965758
1039,1,4,874965758
1039,5,3,874965758
1039,339,3,874965758
1039,334,3,874965758
1039,135,4,874965758
1039,12,4,874965758
1039,1016,3,874965758
1039,405,3,874965758
1039,160,3,874965758
1039,53,3,874965758
1039,756,3,874965758
1039,180,4,874965758
1039,1028,3,874965758
1039,408,5,874965758
1039,783,3,874965758
1039,229,3,874965758
1039,225,3,874965758
1039,318,4,874965758
1039,384,3,874965758
1039,1101,4,874965758
1039,984,3,874965758
1039,13,3,874965758
1039,290,3,874965758
1039,523,4,874965758
1039,756,3,874965758
1039,332,4,874965758
1039,966,4,874965758
1039,983,2,874965758
1039,156,4,874965758
1039,295,3,874965758
1039,97,4,874965758
1039,184,3,874965758
1039,404,4,874965758
1039,1170,3,874965758
1039,13,3,874965758
1039,134,4,874965758
1039,659,4,874965758
1039,955,3,874965758
1039,431,4,874965758
1039,1030,2,874965758
1039,136,4,874965758
1040,678,5,874965758
1040,235,5,874965758
1040,210,5,874965758
1040,739,3,874965758
1040,673,3,874965758
1040,365,3,874965758
1040,724,3,874965758
1040,871,2,874965758
1040,8,4,874965758
1040,1338,3,874965758
1040,79,4,874965758
1040,79,4,874965758
1040,679,3,874965758
1040,168,4,874965758
1040,252,3,874965758
1040,665,3,874965758
1040,931,2,874965758
1040,487,4,874965758
1040,8,4,874965758
1040,819,3,874965758
1041,678,5,874965758
1041,235,5,874965758
1041,210,5,874965758
1041,369,3,874965758
1041,170,4,874965758
1041,595,3,874965758
1041,71,4,874965758
1041,505,4,874965758
1041,379,3,874965758
1041,45,4,874965758
1041,96,4,874965758
1041,206,3,874965758
1041,401,3,874965758
1041,307,3,874965758
1041,95,4,874965758
1041,258,4,874965758
1041,514,4,874965758
1041,448,3,874965758
1041,122,2,874965758
1041,222,4,874965758
1041,654,4,874965758
1041,300,4,874965758
1041,117,4,874965758
1041,603,4,874965758
1041,222,4,874965758
1041,1017,3,874965758
1041,100,4,874965758
1041,1401,3,874965758
1041,23,4,874965758
1041,211,4,874965758
1041,323,3,874965758
1041,153,4,874965758
1041,650,4,874965758
1041,297,4,874965758
1041,1172,4,874965758
1041,680,2,874965758
1041,228,4,874965758
1041,195,4,874965758
1041,568,4,874965758
1041,831,2,874965758
1041,83,4,874965758
1041,354,4,874965758
1041,1221,3,874965758
1041,501,3,874965758
1041,909,4,874965758
1041,847,4,874965758
1041,333,4,874965758
1041,330,3,874965758
1041,603,4,874965758
1041,191,4,874965758
1041,68,3,874965758
1041,28,4,874965758
1041,319,3,874965758
1041,130,2,874965758
1041,743,2,874965758
1041,523,4,874965758
1041,147,3,874965758
1041,252,3,874965758
1041,69,4,874965758
1041,890,2,874965758
1041,1375,4,874965758
1041,523,4,874965758
1041,687,2,874965758
1041,282,4,874965758
1041,127,4,874965758
1041,340,4,874965758
1041,14,4,874965758
1041,1662,2,874965758
1041,1009,3,874965758
1041,278,3,874965758
1041,127,4,874965758
1041,71,4,874965758
1041,385,4,874965758
1041,326,3,874965758
1041,278,3,874965758
1041,765,3,874965758
1041,41,3,874965758
1041,603,4,874965758
1041,766,3,874965758
1041,934,3,874965758
1041,929,3,874965758
1041,619,3,874965758
1041,15,4,874965758
1041,176,4,874965758
1041,154,4,874965758
1041,660,4,874965758
1041,31,4,874965758
1041,609,4,874965758
1041,935,3,874965758
1041,519,4,874965758
1041,1011,3,874965758
1041,289,3,874965758
1041,354,4,874965758
1041,468,3,874965758
1041,919,4,874965758
1041,237,4,874965758
1041,419,4,874965758
1041,228,4,874965758
1041,101,3,874965758
1041,286,4,874965758
1041,293,4,874965758
1041,264,3,874965758
1041,678,3,874965758
1041,479,4,874965758
1041,1037,2,874965758
1041,413,3,874965758
1041,1277,3,874965758
1041,176,4,874965758
1041,685,3,874965758
1041,1091,3,874965758
1041,216,4,874965758
1041,200,4,874965758
1041,1322,2,874965758
1041,114,4,874965758
1041,136,4,874965758
1041,713,4,874965758
1041,321,3,874965758
1041,411,3,874965758
1041,31,4,874965758
1041,158,2,874965758
1041,228,4,874965758
1041,194,4,874965758
1041,346,4,874965758
1041,1335,3,874965758
1041,699,4,874965758
1041,129,4,874965758
1041,241,4,874965758
1041,1139,3,874965758
1041,17,3,874965758
1041,26,3,874965758
1041,172,4,874965758
1041,117,4,874965758
1041,1244,3,874965758
1041,70,4,874965758
1041,136,4,874965758
1041,169,5,874965758
1041,748,3,874965758
1041,737,3,874965758
1041,423,4,874965758
1041,662,3,874965758
1041,554,3,874965758
1041,71,4,874965758
1041,28,4,874965758
1041,67,3,874965758
1041,313,4,874965758
1041,328,3,874965758
1041,361,3,874965758
1041,532,3,874965758
1041,485,4,874965758
1041,1406,3,874965758
1041,174,4,874965758
1041,405,3,874965758
1041,470,4,874965758
1041,1071,3,874965758
1041,760,3,874965758
1041,157,4,874965758
1041,661,4,874965758
1041,840,3,874965758
1041,435,4,874965758
1041,518,4,874965758
1041,235,3,874965758
1041,512,4,874965758
1041,463,4,874965758
1041,514,4,874965758
1041,1052,2,874965758
1041,4,4,874965758
1041,65,4,874965758
1041,33,3,874965758
1041,7,4,874965758
1041,678,3,874965758
1041,416,3,874965758
1041,56,4,874965758
1041,204,4,874965758
1041,993,4,874965758
1041,365,3,874965758
1041,1076,2,874965758
1041,818,3,874965758
1041,500,4,874965758
1041,72,3,874965758
1041,1189,5,874965758
1041,230,3,874965758
1041,475,4,874965758
1041,276,4,874965758
1041,435,4,874965758
1041,106,3,874965758
1041,347,4,874965758
1041,319,3,874965758
1041,1053,3,874965758
1041,162,3,874965758
1041,684,4,874965758
1041,172,4,874965758
1041,936,4,874965758
1041,211,4,874965758
1041,991,2,874965758
1041,307,3,874965758
1041,496,4,874965758
1041,136,4,874965758
1041,1214,2,874965758
1041,288,3,874965758
1041,431,4,874965758
1041,300,4,874965758
1041,483,4,874965758
1041,83,4,874965758
1041,168,4,874965758
1041,193,4,874965758
1041,672,3,874965758
1041,632,4,874965758
1041,511,4,874965758
1041,230,3,874965758
1041,660,4,874965758
1041,869,3,874965758
1041,449,3,874965758
1041,323,3,874965758
1041,405,3,874965758
1041,288,3,874965758
1041,516,4,874965758
1041,63,3,874965758
1041,52,4,874965758
1041,949,3,874965758
1041,687,2,874965758
1041,158,2,874965758
1041,111,3,874965758
1041,855,4,874965758
1041,895,3,874965758
1041,1263,3,874965758
1041,655,4,874965758
1041,402,3,874965758
1041,277,3,874965758
1041,101,3,874965758
1041,410,3,874965758
1041,523,4,874965758
1041,5,3,874965758
1041,260,3,874965758
1041,89,4,874965758
1041,842,3,874965758
1041,186,4,874965758
1041,38,3,874965758
1041,50,4,874965758
1041,483,4,874965758
1041,53,3,874965758
1041,237,4,874965758
1041,122,2,874965758
1041,1132,3,874965758
1041,301,3,874965758
1041,834,2,874965758
1041,177,4,874965758
1041,129,4,874965758
1041,28,4,874965758
1041,391,3,874965758
1041,38,3,874965758
1041,405,3,874965758
1041,58,4,874965758
1041,546,3,874965758
1041,923,4,874965758
1041,724,3,874965758
1041,31,4,874965758
1041,172,4,874965758
1041,512,4,874965758
1041,315,4,874965758
1041,69,4,874965758
1041,286,4,874965758
1041,376,3,874965758
1041,338,3,874965758
1041,482,4,874965758
1041,559,3,874965758
1041,653,4,874965758
1041,457,2,874965758
1041,655,4,874965758
1041,969,4,874965758
1041,100,4,874965758
1041,313,4,874965758
1041,117,4,874965758
1041,1427,3,874965758
1041,25,3,874965758
1041,164,4,874965758
1041,831,2,874965758
1041,844,4,874965758
1041,305,4,874965758
1041,11,4,874965758
1041,619,3,874965758
1041,409,3,874965758
1041,196,4,874965758
1041,155,3,874965758
1041,238,4,874965758
1041,1165,2,874965758
1041,107,4,874965758
1041,760,3,874965758
1041,234,4,874965758
1041,493,4,874965758
1041,676,3,874965758
1041,55,4,874965758
1041,713,4,874965758
1041,208,4,874965758
1041,334,3,874965758
1041,763,3,874965758
1041,638,4,874965758
1041,300,4,874965758
1041,751,3,874965758
1041,895,3,874965758
1041,765,3,874965758
1041,211,4,874965758
1041,124,4,874965758
1041,781,3,874965758
1041,465,4,874965758
1041,72,3,874965758
1041,568,4,874965758
1041,716,3,874965758
1041,431,4,874965758
1041,56,4,874965758
1041,386,3,874965758
1041,176,4,874965758
1041,11,4,874965758
1041,659,4,874965758
1041,762,4,874965758
1041,95,4,874965758
1041,963,4,874965758
1041,51,3,874965758
1041,10,4,874965758
1042,678,5,874965758
1042,235,5,874965758
1042,210,5,874965758
1042,506,4,874965758
1042,289,3,874965758
1042,1223,3,874965758
1042,98,4,874965758
1042,427,4,874965758
1042,252,3,874965758
1042,298,4,874965758
1042,303,4,874965758
1042,95,4,874965758
1042,823,3,874965758
1042,682,3,874965758
1042,276,4,874965758
1042,235,3,874965758
1042,471,4,874965758
1042,168,4,874965758
1042,1079,2,874965758
1042,150,4,874965758
1042,559,3,874965758
1042,65,4,874965758
1042,283,4,874965758
1042,748,3,874965758
1042,199,4,874965758
1042,472,3,874965758
1042,835,4,874965758
1042,1163,3,874965758
1042,243,2,874965758
1042,926,3,874965758
1042,21,3,874965758
1042,307,3,874965758
1042,780,3,874965758
1042,590,2,874965758
1042,485,4,874965758
1042,9,4,874965758
1042,664,3,874965758
1042,22,4,874965758
1042,140,3,874965758
1042,83,4,874965758
1042,750,4,874965758
1042,63,3,874965758
1042,502,4,874965758
1042,1163,3,874965758
1042,689,3,874965758
1042,433,4,874965758
1042,751,3,874965758
1042,607,4,874965758
1042,1053,3,874965758
1042,325,3,874965758
1042,12,4,874965758
1042,301,3,874965758
1042,531,4,874965758
1042,258,4,874965758
1042,170,4,874965758
1042,204,4,874965758
1042,301,3,874965758
1042,890,2,874965758
1042,880,3,874965758
1042,431,4,874965758
1042,56,4,874965758
1042,116,4,874965758
1042,12,4,874965758
1042,170,4,874965758
1042,181,4,874965758
1042,180,4,874965758
1042,667,2,874965758
1042,420,4,874965758
1042,286,4,874965758
1042,552,3,874965758
1043,678,5,874965758
1043,235,5,874965758
1043,210,5,874965758
1043,385,4,874965758
1043,980,3,874965758
1043,876,3,874965758
1043,540,3,874965758
1043,507,4,874965758
1043,181,4,874965758
1043,399,3,874965758
1043,563,2,874965758
1043,165,4,874965758
1043,346,4,874965758
1043,414,3,874965758
1043,174,4,874965758
1043,50,4,874965758
1043,173,4,874965758
1043,88,3,874965758
1043,50,4,874965758
1043,79,4,874965758
1043,845,3,874965758
1043,54,3,874965758
1043,346,4,874965758
1043,472,3,874965758
1043,284,3,874965758
1043,235,3,874965758
1043,151,4,874965758
1043,234,4,874965758
1043,31,4,874965758
1043,13,3,874965758
1043,10,4,874965758
1043,1217,3,874965758
1043,109,3,874965758
1043,234,4,874965758
1043,23,4,874965758
1043,123,3,874965758
1044,678,5,874965758
1044,235,5,874965758
1044,210,5,874965758
1044,233,3,874965758
1044,324,3,874965758
1044,249,3,874965758
1044,678,3,874965758
1044,530,4,874965758
1044,295,3,874965758
1044,190,4,874965758
1045,678,5,874965758
1045,235,5,874965758
1045,210,5,874965758
1045,294,3,874965758
1045,264,3,874965758
1045,1553,3,874965758
1045,509,4,874965758
1045,542,2,874965758
1045,230,3,874965758
1045,373,3,874965758
1045,242,4,874965758
1045,716,3,874965758
1045,198,4,874965758
1045,9,4,874965758
1045,527,4,874965758
1045,416,3,874965758
1045,496,4,874965758
1045,660,4,874965758
1045,762,4,874965758
1045,364,3,874965758
1045,1028,3,874965758
1045,4,4,874965758
1045,420,4,874965758
1045,509,4,874965758
1045,762,4,874965758
1045,694,4,874965758
1045,117,4,874965758
1045,122,2,874965758
1045,188,4,874965758
1045,70,4,874965758
1045,1153,3,874965758
1045,886,3,874965758
1045,581,3,874965758
1045,273,4,874965758
1045,750,4,874965758
1045,405,3,874965758
1045,99,4,874965758
1045,127,4,874965758
1045,508,4,874965758
1046,678,5,874965758
1046,235,5,874965758
1046,210,5,874965758
1046,260,3,874965758
1046,748,3,874965758
1046,1048,3,874965758
1046,1048,3,874965758
1046,208,4,874965758
1046,1074,3,874965758
1046,294,3,874965758
1046,673,3,874965758
1046,1090,3,874965758
1046,163,4,874965758
1046,250,3,874965758
1046,518,4,874965758
1046,658,3,874965758
1046,828,3,874965758
1046,367,3,874965758
1046,763,3,874965758
1046,551,2,874965758
1046,89,4,874965758
1046,831,2,874965758
1046,355,3,874965758
1046,11,4,874965758
1046,529,4,874965758
1046,704,3,874965758
1046,845,3,874965758
1046,760,3,874965758
1047,678,5,874965758
1047,235,5,874965758
1047,210,5,874965758
1047,13,3,874965758
1047,234,4,874965758
1047,472,3,874965758
1047,582,4,874965758
1047,520,4,874965758
1047,252,3,874965758
1047,174,4,874965758
1047,208,4,874965758
1047,98,4,874965758
1047,470,4,874965758
1047,402,3,874965758
1047,228,4,874965758
1047,186,4,874965758
1047,567,3,874965758
1047,342,3,874965758
1047,456,2,874965758
1047,240,3,874965758
1047,191,4,874965758
1047,841,3,874965758
1047,153,4,874965758
1047,88,3,874965758
1047,289,3,874965758
1047,164,4,874965758
1047,565,3,874965758
1047,65,4,874965758
1047,88,3,874965758
1047,624,3,874965758
1047,406,3,874965758
1047,64,4,874965758
1047,331,4,874965758
1047,230,3,874965758
1047,1033,3,874965758
1047,1034,3,874965758
1047,135,4,874965758
1047,182,4,874965758
1047,299,3,874965758
1047,168,4,874965758
1047,257,4,874965758
1047,429,4,874965758
1047,471,4,874965758
1047,258,4,874965758
1047,211,4,874965758
1047,690,3,874965758
1047,221,4,874965758
1047,508,4,874965758
1047,71,4,874965758
1047,10,4,874965758
1047,217,3,874965758
1047,265,4,874965758
1047,265,4,874965758
1047,126,4,874965758
1047,576,3,874965758
1047,197,4,874965758
1047,186,4,874965758
1047,763,3,874965758
1047,7,4,874965758
1047,191,4,874965758
1047,509,4,874965758
1047,653,4,874965758
1047,271,3,874965758
1047,511,4,874965758
1047,129,4,874965758
1047,154,4,874965758
1047,854,3,874965758
1047,403,3,874965758
1047,159,3,874965758
1047,169,5,874965758
1047,106,3,874965758
1047,10,4,874965758
1047,51,3,874965758
1047,402,3,874965758
1047,99,4,874965758
1047,724,3,874965758
1047,222,4,874965758
1047,185,4,874965758
1047,427,4,874965758
1047,5,3,874965758
1047,746,4,874965758
1047,80,3,874965758
1047,405,3,874965758
1047,712,3,874965758
1047,382,4,874965758
1047,11,4,874965758
1047,98,4,874965758
1047,38,3,874965758
1047,582,4,874965758
1047,465,4,874965758
1047,1073,4,874965758
1047,117,4,874965758
1047,182,4,874965758
1047,162,3,874965758
1047,135,4,874965758
1047,111,3,874965758
1047,1133,3,874965758
1047,433,4,874965758
1048,678,5,874965758
1048,235,5,874965758
1048,210,5,874965758
1048,304,4,874965758
1048,50,4,874965758
1048,699,4,874965758
1048,611,4,874965758
1048,627,3,874965758
1048,410,3,874965758
1048,1128,3,874965758
1048,282,4,874965758
1048,86,4,874965758
1048,300,4,874965758
1048,285,4,874965758
1048,476,3,874965758
1048,427,4,874965758
1048,653,4,874965758
1048,652,4,874965758
1048,22,4,874965758
1048,1178,2,874965758
1048,513,4,874965758
1048,604,4,874965758
1048,11,4,874965758
1048,46,4,874965758
1048,216,4,874965758
1048,231,3,874965758
1048,675,4,874965758
1048,274,4,874965758
1048,321,3,874965758
1048,283,4,874965758
1048,132,4,874965758
1048,258,4,874965758
1048,466,3,874965758
1048,354,4,874965758
1048,1129,4,874965758
1048,607,4,874965758
1048,315,4,874965758
1048,577,2,874965758
1048,293,4,874965758
1048,457,2,874965758
1048,998,2,874965758
1048,509,4,874965758
1048,289,3,874965758
1048,527,4,874965758
1048,230,3,874965758
1048,156,4,874965758
1048,143,4,874965758
1048,196,4,874965758
1048,371,3,874965758
1048,748,3,874965758
1048,881,3,874965758
1048,269,4,874965758
1048,462,4,874965758
1048,1079,2,874965758
1048,412,2,874965758
1048,216,4,874965758
1048,607,4,874965758
1048,8,4,874965758
1048,486,4,874965758
1048,277,3,874965758
1048,1678,1,874965758
1048,496,4,874965758
1048,898,3,874965758
1048,604,4,874965758
1048,399,3,874965758
1048,300,4,874965758
1048,328,3,874965758
1048,531,4,874965758
1048,174,4,874965758
1048,727,3,874965758
1048,118,3,874965758
1048,451,3,874965758
1048,926,3,874965758
1048,514,4,874965758
1048,504,4,874965758
1048,15,4,874965758
1048,222,4,874965758
1048,931,2,874965758
1048,170,4,874965758
1048,133,4,874965758
1048,269,4,874965758
1048,284,3,874965758
1048,269,4,874965758
1048,515,4,874965758
1048,249,3,874965758
1048,241,4,874965758
1048,345,3,874965758
1048,202,4,874965758
1048,192,4,874965758
1048,938,3,874965758
1048,327,3,874965758
1048,945,4,874965758
1048,176,4,874965758
1048,515,4,874965758
1048,946,3,874965758
1048,288,3,874965758
1048,195,4,874965758
1048,76,3,874965758
1048,95,4,874965758
1048,145,3,874965758
1048,63,3,874965758
1048,147,3,874965758
1048,73,3,874965758
1048,338,3,874965758
1048,357,4,874965758
1048,496,4,874965758
1048,50,4,874965758
1048,452,3,874965758
1048,879,3,874965758
1048,204,4,874965758
1048,195,4,874965758
1048,603,4,874965758
1048,204,4,874965758
1048,125,4,874965758
1048,789,4,874965758
1048,340,4,874965758
1048,530,4,874965758
1048,542,2,874965758
1048,946,3,874965758
1048,150,4,874965758
1048,336,3,874965758
1048,1009,3,874965758
1048,294,3,874965758
1048,749,3,874965758
1048,284,3,874965758
1048,1302,3,874965758
1048,315,4,874965758
1048,3,3,874965758
1048,186,4,874965758
1048,574,2,874965758
1048,10,4,874965758
1048,1208,3,874965758
1048,96,4,874965758
1048,435,4,874965758
1048,494,4,874965758
1048,174,4,874965758
1048,77,3,874965758
1048,381,3,874965758
1048,204,4,874965758
1048,925,3,874965758
1048,689,3,874965758
1048,216,4,874965758
1048,194,4,874965758
1048,222,4,874965758
1048,313,4,874965758
1048,173,4,874965758
1048,8,4,874965758
1048,904,3,874965758
1049,678,5,874965758
1049,235,5,874965758
1049,210,5,874965758
1049,194,4,874965758
1049,25,3,874965758
1049,8,4,874965758
1049,508,4,874965758
1049,499,4,874965758
1049,239,4,874965758
1049,717,3,874965758
1049,441,3,874965758
1049,206,3,874965758
1049,748,3,874965758
1049,256,4,874965758
1049,430,4,874965758
1049,4,4,874965758
1049,841,3,874965758
1049,506,4,874965758
1049,121,3,874965758
1049,89,4,874965758
1049,233,3,874965758
1049,94,3,874965758
1049,55,4,874965758
1049,187,4,874965758
1049,209,4,874965758
1049,945,4,874965758
1049,392,4,874965758
1049,55,4,874965758
1049,45,4,874965758
1049,325,3,874965758
1049,300,4,874965758
1049,176,4,874965758
1049,821,3,874965758
1049,62,3,874965758
1049,607,4,874965758
1049,33,3,874965758
1049,273,4,874965758
1049,776,3,874965758
1049,392,4,874965758
1049,1240,4,874965758
1049,658,3,874965758
1049,161,3,874965758
1049,217,3,874965758
1049,300,4,874965758
1049,121,3,874965758
1049,340,4,874965758
1049,665,3,874965758
1049,312,3,874965758
1049,298,4,874965758
1049,174,4,874965758
1049,289,3,874965758
1049,71,4,874965758
1049,269,4,874965758
1049,719,2,874965758
1049,358,3,874965758
1049,1065,3,874965758
1049,100,4,874965758
1049,959,4,874965758
1049,42,4,874965758
1049,150,4,874965758
1049,93,4,874965758
1049,926,3,874965758
1049,8,4,874965758
1049,204,4,874965758
1049,894,2,874965758
1049,175,4,874965758
1049,455,3,874965758
1049,258,4,874965758
1049,405,3,874965758
1049,1,4,874965758
1049,678,3,874965758
1049,222,4,874965758
1049,127,4,874965758
1049,211,4,874965758
1049,176,4,874965758
1049,480,4,874965758
1049,228,4,874965758
1049,678,3,874965758
1049,582,4,874965758
1049,177,4,874965758
1049,331,4,874965758
1049,575,2,874965758
1049,1110,3,874965758
1049,597,3,874965758
1049,359,4,874965758
1049,4,4,874965758
1049,257,4,874965758
1049,742,4,874965758
1049,405,3,874965758
1049,331,4,874965758
1049,14,4,874965758
1049,4,4,874965758
1049,71,4,874965758
1049,338,3,874965758
1049,154,4,874965758
1049,260,3,874965758
1049,194,4,874965758
1049,480,4,874965758
1049,601,4,874965758
1049,985,3,874965758
1049,742,4,874965758
1049,321,3,874965758
1049,519,4,874965758
1049,100,4,874965758
1049,919,4,874965758
1049,841,3,874965758
1049,396,3,874965758
1049,94,3,874965758
1049,547,3,874965758
1049,710,4,874965758
1049,387,3,874965758
1049,477,3,874965758
1049,835,4,874965758
1049,1119,4,874965758
1049,257,4,874965758
1049,546,3,874965758
1049,840,3,874965758
1049,82,4,874965758
1049,1529,3,874965758
1049,265,4,874965758
1049,62,3,874965758
1049,435,4,874965758
1049,63,3,874965758
1049,659,4,874965758
1049,283,4,874965758
1049,280,3,874965758
1049,290,3,874965758
1049,228,4,874965758
1049,542,2,874965758
1049,309,3,874965758
1049,213,4,874965758
1049,620,3,874965758
1049,21,3,874965758
1049,91,4,874965758
1049,1620,3,874965758
1049,174,4,874965758
1049,136,4,874965758
1049,175,4,874965758
1049,619,3,874965758
1049,566,4,874965758
1049,497,4,874965758
1049,1013,2,874965758
1049,88,3,874965758
1049,47,4,874965758
1049,151,4,874965758
1049,69,4,874965758
1049,271,3,874965758
1049,260,3,874965758
1049,150,4,874965758
1049,735,4,874965758
1049,402,3,874965758
1049,444,3,874965758
1049,283,4,874965758
1049,1090,3,874965758
1049,161,3,874965758
1049,148,3,874965758
1049,25,3,874965758
1049,674,3,874965758
1049,254,3,874965758
1049,65,4,874965758
1049,1005,4,874965758
1049,732,4,874965758
1049,235,3,874965758
1049,498,4,874965758
1049,315,4,874965758
1049,94,3,874965758
1049,570,3,874965758
1049,441,3,874965758
1049,673,3,874965758
1049,48,4,874965758
1049,968,4,874965758
1049,864,3,874965758
1049,315,4,874965758
1049,629,3,874965758
1049,50,4,874965758
1049,226,3,874965758
1049,1,4,874965758
1049,54,3,874965758
1049,871,2,874965758
1049,187,4,874965758
1049,506,4,874965758
1049,73,3,874965758
1049,833,3,874965758
1049,117,4,874965758
1049,470,4,874965758
1049,435,4,874965758
1049,243,2,874965758
1049,434,4,874965758
1049,153,4,874965758
1049,152,4,874965758
1049,484,4,874965758
1049,749,3,874965758
1049,463,4,874965758
1049,339,3,874965758
1049,151,4,874965758
1049,651,4,874965758
1049,121,3,874965758
1049,147,3,874965758
1049,9,4,874965758
1049,1028,3,874965758
1049,58,4,874965758
1049,633,4,874965758
1049,111,3,874965758
1049,408,5,874965758
1049,168,4,874965758
1049,282,4,874965758
1049,588,4,874965758
1049,862,2,874965758
1049,153,4,874965758
1049,546,3,874965758
1049,58,4,874965758
1049,246,4,874965758
1049,597,3,874965758
1049,170,4,874965758
1049,597,3,874965758
1049,1,4,874965758
1049,332,4,874965758
1049,98,4,874965758
1049,180,4,874965758
1049,63,3,874965758
1049,379,3,874965758
1049,176,4,874965758
1049,210,4,874965758
1049,294,3,874965758
1049,772,3,874965758
1049,80,3,874965758
1049,141,4,874965758
1049,514,4,874965758
1049,48,4,874965758
1049,24,3,874965758
1049,300,4,874965758
1049,582,4,874965758
1049,932,3,874965758
1049,734,2,874965758
1049,631,4,874965758
1049,156,4,874965758
1049,298,4,874965758
1049,283,4,874965758
1049,435,4,874965758
1049,69,4,874965758
1049,286,4,874965758
1050,678,5,874965758
1050,235,5,874965758
1050,210,5,874965758
1050,13,3,874965758
1050,288,3,874965758
1050,301,3,874965758
1050,132,4,874965758
1050,308,3,874965758
1050,586,3,874965758
1050,217,3,874965758
1050,23,4,874965758
1050,15,4,874965758
